	github_urls	creation_date	stars	num_contributors	num_commits
0	endernewton/tf-faster-rcnn	2017-01-23T19:51:32Z	3338	13	318
1	charlesq34/pointnet2	2017-08-31T03:18:54Z	1576	3	51
2	tkarras/progressive_growing_of_gans	2017-10-27T09:04:34Z	5131	1	33
3	tkipf/gcn	2016-11-11T10:59:21Z	4504	9	30
4	bichenwuucb/squeezedet	2016-12-09T04:09:14Z	713	2	60
5	marvinteichmann/kittiseg	2016-04-21T22:03:07Z	852	4	157
6	tensorflow/ranking	2018-12-03T20:48:57Z	1649	16	51
7	yixuanli/densenet-tensorflow	2016-09-22T14:52:49Z	575	3	47
8	hellochick/semantic-segmentation-tensorflow	2018-01-24T12:19:09Z	74	2	23
9	anishathalye/neural-style	2015-11-21T23:40:00Z	5147	14	83
10	visualcomputinginstitute/triplet-reid	2017-03-20T14:39:40Z	642	5	43
11	openai/pixel-cnn	2016-07-09T00:44:56Z	1648	9	68
12	marvinteichmann/multinet	2016-08-29T01:27:54Z	448	5	52
13	msiam/tfsegmentation	2017-07-29T17:22:33Z	539	3	519
14	aligholami/simpnet-tensorflow	2018-08-20T08:31:37Z	15	1	157
15	iro-cp/fcrn-depthprediction	2016-08-02T10:22:13Z	873	3	14
16	davidsandberg/facenet	2016-02-12T22:14:40Z	10489	28	566
17	michschli/relationprediction	2016-09-09T11:34:37Z	200	1	98
18	google/youtube-8m	2016-12-20T21:49:38Z	1893	25	339
19	deepmind/kinetics-i3d	2017-08-02T12:23:13Z	1159	1	3
20	marvinteichmann/kittibox	2016-08-11T19:28:13Z	384	3	112
21	jiahuiyu/wdsr_ntire2018	2018-03-29T19:34:17Z	519	2	19
22	iboing/cliquenet	2018-02-28T05:02:46Z	321	3	72
23	bichenwuucb/squeezeseg	2017-12-06T22:18:53Z	420	1	46
24	roimehrez/contextualloss	2018-02-05T10:06:39Z	347	1	27
25	simonmeister/unflow	2017-12-02T13:18:16Z	217	1	34
26	mikacuy/pointnetvlad	2018-03-16T15:31:04Z	181	1	37
27	naturomics/capsnet-tensorflow	2017-10-28T04:20:36Z	3673	8	148
28	nwojke/deep_sort	2017-02-04T13:17:42Z	2076	5	34
29	ry/tensorflow-resnet	2015-12-18T19:03:22Z	1516	1	60
30	djangogo/pose-tensorflow-annot	2017-05-03T14:04:46Z	5	1	4
31	charlesq34/pointnet	2017-01-31T04:50:28Z	2618	3	40
32	gy20073/bdd_driving_model	2017-04-09T23:47:14Z	193	2	59
33	astorfi/3d-convolutional-speaker-recognition	2017-06-18T23:13:18Z	634	1	87
34	mvig-sjtu/pointsift	2018-07-01T13:35:43Z	510	1	5
35	una-dinosauria/3d-pose-baseline	2017-04-20T23:05:16Z	865	1	22
36	lucassheng/avatar-net	2018-04-22T16:59:58Z	129	1	51
37	charlesq34/frustum-pointnets	2018-04-05T16:56:45Z	969	1	44
38	czhu95/ternarynet	2017-01-13T04:16:49Z	103	1	8
39	chenyilun95/tf-cpn	2018-03-20T14:56:11Z	714	2	58
40	cuguilke/microexpnet	2017-11-17T14:42:32Z	92	2	66
41	mrharicot/monodepth	2017-04-11T16:22:11Z	1568	4	33
42	fengju514/face-pose-net	2017-08-19T00:33:21Z	435	3	119
43	taokong/ron	2017-07-03T04:22:37Z	365	2	32
44	lengstrom/fast-style-transfer	2016-07-21T02:59:11Z	9004	13	54
45	robinatp/deeplab_tensorflow	2018-06-15T07:32:18Z	2	1	3
46	ckmarkoh/neuralart_tensorflow	2015-12-02T02:52:19Z	479	1	7
47	olgatias/icnet-tensorflow	2018-10-29T15:52:28Z	4	1	2
48	nyukat/birads_classifier	2018-06-08T15:55:19Z	84	1	1
49	yanbeic/deep-association-learning	2018-08-21T11:46:15Z	60	1	11
50	arslan-chaudhry/dcsp_segmentation	2017-07-14T15:57:28Z	33	1	7
51	prbonn/bonnet	2018-01-11T12:29:14Z	250	3	44
52	pomonam/learnablepoolingmethods	2018-05-31T13:56:21Z	39	3	364
53	yang7879/3d-recgan	2017-08-21T14:45:49Z	104	1	24
54	zemofreedom/psmnet-tensorflow	2018-08-30T02:59:53Z	21	1	4
55	guesswhatgame/guesswhat	2017-06-07T12:19:47Z	58	3	147
56	moabitcoin/holy-edge	2017-07-02T07:43:06Z	231	1	54
57	huangshiyu13/rpnplus	2017-03-06T08:12:13Z	190	3	36
58	aditya12agd5/divcolor	2017-04-20T05:46:49Z	18	1	22
59	makalo/cornernet	2018-10-05T18:24:40Z	115	1	6
60	yang7879/3d-recgan-extended	2018-01-30T16:36:38Z	81	1	47
61	pyun-ram/fl3d	2018-09-11T00:59:53Z	70	1	9
62	sheryl-ai/mvgcn	2018-03-12T22:35:15Z	70	1	69
63	yoyo000/mvsnet	2018-07-04T06:20:01Z	632	3	43
64	congweilin/cluster-loss-tensorflow	2017-11-19T16:01:41Z	29	1	34
65	btjhjeon/imm_tensorflow	2017-12-15T04:12:37Z	20	1	11
66	vlogroup/mri-variationalnetwork	2018-06-17T15:51:15Z	68	1	1
67	angusg/cleverhans-attacking-bnns	2017-12-12T14:22:26Z	17	1	4
68	qixuxiang/deeplabv3plus	2018-03-18T03:33:20Z	44	1	3
69	baumgach/acdc_segmenter	2017-06-13T10:13:07Z	40	3	63
70	seasonsh/docface	2018-05-14T17:15:47Z	253	2	23
71	gidobot/silhonet	2018-10-18T17:01:42Z	28	1	11
72	maggie0106/graph-cnn-in-3d-point-cloud-classification	2017-11-13T19:38:17Z	179	1	57
73	fengju514/expression-net	2018-01-29T06:50:53Z	390	3	81
74	guanghan/rolo	2016-07-22T00:43:08Z	774	1	10
75	tum-vision/learn_prox_ops	2017-07-28T14:09:03Z	25	2	19
76	imatge-upc/liverseg-2017-nipsws	2017-08-13T16:00:25Z	74	2	49
77	chenxi116/pnasnet.tf	2018-07-06T05:00:42Z	101	1	8
78	thtrieu/darkflow	2016-08-16T05:54:02Z	5494	27	542
79	tobiasgruening/aru-net	2017-12-07T07:46:19Z	97	1	34
80	rick-chang/onenet	2017-05-05T18:47:19Z	69	1	4
81	mathildor/deeplab-v3	2018-03-27T13:19:48Z	19	2	5
82	thu-ml/stochastic_gcn	2018-01-08T05:50:01Z	62	3	150
83	chengpengchen/tf-faster-rcnn-multi-img	2018-04-13T10:09:04Z	2	14	327
84	deeplearnphysics/faster-rcnn	2017-10-09T15:37:08Z	9	2	2
85	parisots/population-gcn	2017-04-28T15:08:13Z	63	2	10
86	bryanplummer/cite	2017-11-22T14:54:14Z	34	1	9
87	tegg89/srcnn-tensorflow	2016-12-05T11:21:29Z	435	1	40
88	jmiller656/edsr-tensorflow	2017-07-22T17:10:18Z	298	3	35
89	shubhomoydas/ad_examples	2017-11-03T16:30:18Z	524	3	444
90	ssydasheng/neural-kernel-network	2017-10-28T01:54:14Z	62	1	2
91	ogroth/shapestacks	2018-04-19T15:08:45Z	30	3	38
92	abewley/sort	2016-02-03T03:16:23Z	1555	2	30
93	parisots/gcn	2017-04-28T13:53:24Z	3	3	27
94	fate3439/localspecgcn	2019-08-29T20:47:00Z	7	1	37
95	xthan/polyvore	2017-10-09T05:41:20Z	109	2	33
96	kanchen-usc/grounder	2018-03-23T06:38:28Z	81	1	12
97	mattpoggi/pydnet	2018-07-04T15:13:21Z	78	1	21
98	marvinteichmann/kitticlass	2016-09-15T19:07:38Z	11	1	32
99	sullychen/autopilot-tensorflow	2016-10-01T20:18:23Z	1055	4	48
100	cardwing/codes-for-lane-detection	2018-10-12T05:53:41Z	624	4	231
101	cvlab-unibo/real-time-self-adaptive-deep-stereo	2018-10-12T08:46:58Z	216	3	15
102	remega/omcnn_2clstm	2017-09-12T10:40:12Z	92	1	35
103	viscom-ulm/mccnn	2018-07-05T10:50:24Z	75	1	25
104	chenhsuanlin/inverse-compositional-stn	2017-01-02T22:33:17Z	263	3	52
105	hizhangp/yolo_tensorflow	2016-10-25T10:51:54Z	744	3	22
106	taki0112/senet-tensorflow	2017-09-15T06:29:00Z	611	1	26
107	danfeix/scene-graph-tf-release	2017-04-06T01:06:48Z	293	2	13
108	vegesm/siamese-pose-estimation	2018-09-18T11:14:22Z	20	1	2
109	kanchen-usc/kac-net	2017-10-29T01:34:10Z	92	1	19
110	yulequan/pu-net	2018-01-20T17:47:49Z	211	1	35
111	geeklib/tf-faster-rcnn	2017-04-04T07:32:11Z	1	1	1
112	syb7573330/im2avatar	2018-05-07T19:46:53Z	100	2	14
113	da-molchanov/variance-networks	2018-07-13T23:52:26Z	37	2	11
114	smallcorgi/faster-rcnn_tf	2016-09-07T05:58:53Z	2261	7	49
115	visionlearninggroup/caption-guided-saliency	2016-12-21T04:07:07Z	89	1	10
116	bysowhat/densenet	2017-08-15T10:22:42Z	18	1	26
117	auroua/insightface_tf	2018-03-03T01:10:35Z	606	1	40
118	engineering-course/lip_jppnet	2018-04-09T08:40:44Z	273	2	12
119	ethz-asl/hierarchical_loc	2018-08-16T12:46:19Z	108	2	11
120	taki0112/densenet-tensorflow	2017-08-07T02:44:26Z	470	1	82
121	image-science-lab/onenet	2017-07-31T02:21:19Z	23	2	5
122	rohitgirdhar/attentionalpoolingaction	2017-11-03T23:09:25Z	228	3	19
123	akar43/lsm	2017-10-31T01:47:56Z	213	2	42
124	nyukat/breast_density_classifier	2018-06-06T22:15:35Z	128	2	4
125	bxshi/conmask	2017-03-15T20:09:58Z	77	1	20
126	wy1iu/dcnets	2018-06-02T07:30:11Z	114	2	29
127	twke18/adaptive_affinity_fields	2018-08-21T05:16:39Z	224	3	28
128	apacha/musicobjectdetector-tf	2017-11-30T10:25:08Z	35	30	3601
129	arashhosseini/3d-pose-baseline	2018-02-14T08:52:31Z	177	3	53
130	wenxinxu/resnet-in-tensorflow	2016-10-09T21:05:30Z	797	2	60
131	detectionteamucas/r2cnn_faster-rcnn_tensorflow	2018-05-21T01:53:51Z	475	1	60
132	deepsceneseg/ssma	2018-08-31T11:27:46Z	57	2	34
133	marvinteichmann/tensorflow-fcn	2016-05-27T21:18:35Z	1095	6	67
134	ronghanghu/cmn	2017-04-04T05:58:16Z	62	1	4
135	yuvalbahat/confidence_from_invariance	2018-05-09T16:25:06Z	5	1	39
136	aiff22/dped	2017-08-23T17:28:27Z	1157	1	5
137	stevenliuwen/ano_pred_cvpr2018	2018-03-13T06:30:09Z	232	2	25
138	shiyemin/shuttlenet	2017-01-30T03:06:09Z	31	1	12
139	y2l/social-relation-tensorflow	2018-12-01T15:03:50Z	11	1	71
140	wanggrun/kalman-normalization	2018-04-17T08:38:46Z	15	2	45
141	shaohua0116/multiview2novelview	2018-07-25T06:36:46Z	163	1	39
142	mpskex/convolutional-pose-machine-tf	2018-03-21T03:04:54Z	62	1	39
143	daniilidis-group/ev-flownet	2018-06-21T21:49:46Z	69	3	15
144	kkkzm2017/enhancenet	2017-11-16T22:53:01Z	3	1	1
145	val-iisc/nag	2017-08-31T07:02:16Z	19	1	30
146	fab-jul/imgcomp-cvpr	2018-03-28T08:34:42Z	124	3	19
147	mohomran/neural_body_fitting	2018-08-19T19:18:48Z	238	1	4
148	scenenn/pointwise	2018-04-03T06:08:55Z	112	2	9
149	akosiorek/hart	2017-06-27T17:12:14Z	143	3	19
150	uber/sbnet	2017-12-19T16:37:57Z	401	3	34
151	wzmsltw/bsn-boundary-sensitive-network	2018-07-02T08:40:09Z	322	1	15
152	idearibosome/tf-perceptual-eusr	2018-09-12T10:19:19Z	39	1	99
153	yzcjtr/geonet	2018-03-12T02:27:49Z	578	2	11
154	eborboihuc/deep360pilot-cvpr17	2017-05-22T10:13:10Z	32	2	14
155	kaiqizhang/admm-pruning	2018-04-19T19:09:53Z	64	1	7
156	senticnet/cascade--contextual-sarcasm-detection	2018-06-18T11:43:40Z	50	4	24
157	timgaripov/tensornet-tf	2016-05-03T19:15:03Z	182	4	36
158	wchen342/sketchygan	2018-03-08T21:08:38Z	101	1	21
159	detectionteamucas/rrpn_faster-rcnn_tensorflow	2018-09-01T08:57:50Z	223	1	15
160	pedrocwb/deep_lung_segmentation	2017-04-22T18:48:34Z	5	1	1
161	laughtervv/sgpn	2018-04-26T04:21:40Z	200	1	3
162	jakobchen/shuffleseg	2018-03-25T07:53:24Z	13	3	513
163	wy1iu/spherenet	2017-11-03T11:24:36Z	111	1	12
164	jakeret/tf_unet	2016-08-12T08:02:22Z	1580	12	205
165	yunbo426/predrnn-pp	2018-04-20T12:39:58Z	108	2	18
166	exelban/tensorflow-cifar-10	2017-03-19T12:15:03Z	82	3	37
167	louieyang/stroke-controllable-fast-style-transfer	2018-03-25T11:21:54Z	123	2	26
168	charlesshang/tffrcnn	2016-10-19T07:38:26Z	900	1	163
169	art-programmer/floornet	2018-03-29T01:27:52Z	100	4	34
170	mattpoggi/3net	2018-07-21T08:58:04Z	18	1	16
171	skyoung/memtrack	2018-05-03T13:02:20Z	60	1	6
172	csyhhu/l-obs	2017-10-20T08:51:04Z	51	2	17
173	charlesshang/fastmaskrcnn	2017-03-25T15:33:21Z	3004	9	175
174	poloclub/jpeg-defense	2018-02-05T18:42:21Z	63	6	63
175	engindeniz/cycle-dehaze	2018-03-24T18:11:33Z	74	1	6
176	ikhlestov/vision_networks	2017-01-27T18:32:43Z	266	4	48
177	lxh-123/vocseg	2017-04-15T14:02:09Z	3	1	5
178	renmengye/few-shot-ssl-public	2018-02-22T20:00:50Z	352	3	27
179	kujason/avod	2018-02-28T19:05:37Z	668	4	6
180	ndrplz/dilation-tensorflow	2017-06-01T10:03:02Z	134	1	20
181	microljy/dren_tensorflow	2017-07-21T03:29:58Z	10	2	10
182	vt-vl-lab/ican	2018-08-31T00:22:49Z	191	2	9
183	hzy46/fast-neural-style-tensorflow	2016-12-15T03:15:56Z	891	2	23
184	yulequan/ec-net	2018-07-04T07:19:20Z	57	1	20
185	kekeller/semantic_soy_deeplabv3plus	2018-06-17T17:19:39Z	5	1	8
186	rayat137/pose_3d	2018-04-01T04:45:00Z	65	1	47
187	angeladai/scancomplete	2017-12-24T02:37:21Z	185	1	9
188	kwotsin/tensorflow-enet	2017-06-05T07:24:07Z	236	1	29
189	amlankar/adascan-public	2017-07-21T02:03:00Z	37	1	5
190	elliottwu/deephdr	2018-07-27T11:02:20Z	104	1	14
191	eragonruan/text-detection-ctpn	2017-09-20T02:52:27Z	2833	2	60
192	lelechen63/mri-tumor-segmentation-brats	2018-01-12T04:54:06Z	92	1	42
193	columbiadvmm/spread-out_local_feature_descriptor	2017-07-24T08:28:24Z	33	1	12
194	cripac-dig/sr-gnn	2018-11-12T10:04:32Z	366	2	9
195	shiaoming/vid2depth	2018-07-19T02:18:36Z	21	1	2
196	anibali/dsnt-pose2d	2017-05-29T04:18:03Z	11	1	113
197	maybeshewill-cv/crnn_tensorflow	2017-09-25T06:17:28Z	814	8	245
198	commaai/research	2016-08-03T04:38:57Z	3895	12	36
199	asanakoy/deep_unsupervised_posets	2017-07-15T16:49:46Z	18	1	5
200	neuqgz/modify-faster-rcnn-tf	2018-06-30T00:44:14Z	1	1	1
201	yousseftamaazousti/muldipnet	2018-01-03T17:30:38Z	2	2	101
202	mbechtel2/deeppicar-v2	2018-04-18T13:52:07Z	97	4	49
203	zjngjng/maskrcnn	2018-03-09T23:00:50Z	1	13	307
204	brain-research/realistic-ssl-evaluation	2018-04-20T22:09:43Z	345	6	24
205	vt-vl-lab/df-net	2018-09-04T21:53:12Z	175	1	4
206	kil77/idcard_segmentation_with_deeplabv3-	2018-08-09T08:42:28Z	2	1	1
207	haebeom-lee/dropmax	2018-09-12T19:19:25Z	15	2	15
208	huidingumd/exprgan	2018-01-18T22:25:11Z	74	1	39
209	dvornikita/blitznet	2017-08-22T11:24:44Z	293	2	26
210	zsdonghao/u-net-brain-tumor	2017-06-05T16:17:51Z	351	1	29
211	microsoft/lq-nets	2018-07-19T09:14:18Z	178	2	9
212	pudae/tensorflow-densenet	2017-08-13T09:42:24Z	151	1	12
213	xdever/rfcn-tensorflow	2017-02-25T11:20:24Z	292	1	29
214	yfnn/fused-model	2017-11-07T03:27:18Z	1	11	253
215	bhanml/masking	2018-10-17T09:05:20Z	40	2	30
216	jiwoon-ahn/psa	2018-05-18T05:49:51Z	188	1	9
217	nischnei/depth_completion	2018-06-03T07:25:18Z	9	1	20
218	deepmind/graph_nets	2018-08-31T08:19:28Z	4334	8	30
219	dark-rinnegan/frustum-pointnets	2018-05-22T21:45:33Z	7	1	37
220	ocechain/gcn	2018-06-22T03:36:35Z	24	3	26
221	yeephycho/nasnet-tensorflow	2017-12-12T01:44:20Z	135	1	26
222	yukitsuji/3d_cnn_tensorflow	2017-04-03T11:15:26Z	244	1	62
223	pierluigiferrari/fcn8s_tensorflow	2017-10-01T00:45:17Z	40	1	54
224	mihaifieraru/human-pose-refiner	2018-10-23T15:39:53Z	9	1	10
225	kwotsin/tensorflow-xception	2017-05-09T11:59:18Z	176	2	27
226	seann999/ssd_tensorflow	2016-10-28T01:05:58Z	188	1	39
227	htung0101/3d_smpl	2018-02-15T20:02:58Z	82	2	2
228	timctho/mobilenet-v2-tensorflow	2018-01-23T17:47:06Z	65	1	7
229	ankush96/grad-cam.tensorflow	2017-01-12T13:06:06Z	196	1	7
230	tsenghungchen/sa-tensorflow	2016-04-21T18:06:04Z	153	3	20
231	innerpeace-wu/capsnet-tensorflow	2017-10-30T14:49:26Z	74	1	14
232	idearibosome/tf-bsrn-sr	2018-11-28T01:57:02Z	25	1	23
233	wangjksjtu/helmholtz-dl	2018-04-11T12:36:35Z	1	1	24
234	ljanyst/ssd-tensorflow	2017-11-05T15:37:35Z	153	1	195
235	yangxue0827/r2cnn_fpn_tensorflow	2017-11-14T13:47:01Z	393	1	127
236	deepmind/learning-to-learn	2016-12-06T08:25:37Z	3961	4	19
237	ankanbhunia/adversebinet	2018-10-24T18:10:27Z	19	1	27
238	hengchuan/rdn-tensorflow	2018-04-08T14:03:35Z	123	1	28
239	openai/gradient-checkpointing	2017-09-26T17:25:12Z	1953	12	140
240	hwalsuklee/tensorflow-style-transfer	2017-02-03T14:35:03Z	275	2	23
241	chrislybaer/capsules-tensorflow	2017-11-18T14:51:27Z	15	1	58
242	machrisaa/stylenet	2016-03-27T17:52:26Z	199	1	13
243	huanzhang12/certifiedrelurobustness	2018-04-23T23:32:04Z	22	2	5
244	ysharma1126/ead_attack	2017-09-13T00:18:11Z	30	1	54
245	tkuanlun350/tensorflow-segnet	2016-09-20T09:22:40Z	347	3	41
246	zhenheny/lego	2018-06-10T20:28:23Z	56	1	9
247	vmichals/figureqa-baseline	2018-02-22T20:04:39Z	23	1	1
248	rszeto/click-here-cnn	2017-05-12T19:25:59Z	7	1	90
249	ceciliavision/perceptual-reflection-removal	2017-12-10T23:37:08Z	189	2	28
250	yutingzhang/lmdis-rep	2018-06-19T15:00:58Z	104	2	14
251	renqianluo/nao	2018-10-26T05:38:51Z	244	2	24
252	xialeiliu/rotatenetworks	2018-04-11T08:36:03Z	21	2	5
253	zehaos/mobilenet	2017-04-19T07:55:09Z	1435	2	132
254	tonytheplaneswalker/pcn	2018-08-01T01:42:13Z	170	2	13
255	chunyuanli/mnist_inception_score	2017-08-28T20:33:52Z	22	1	38
256	manricheon/eusr-pcl-tf	2018-09-14T01:17:40Z	12	1	24
257	mvcnn/mvcnn	2017-09-19T09:58:16Z	19	3	29
258	shagunsodhani/pregel	2017-11-08T20:58:16Z	75	2	67
259	huaxiuyao/dmvst-net	2018-02-18T02:38:07Z	56	1	16
260	hualin95/everyone_is_van_gogh	2018-02-03T17:07:40Z	111	2	38
261	shaohua0116/group-normalization-tensorflow	2018-03-25T03:15:00Z	205	2	18
262	rishizek/tensorflow-deeplab-v3	2018-01-28T08:10:54Z	248	1	60
263	divelab/dtn	2017-05-24T18:44:17Z	50	3	70
264	pavelgonchar/face-transfer-tensorflow	2016-06-28T16:13:23Z	79	1	12
265	tmulc18/distributed-tensorflow-guide	2017-09-05T00:09:08Z	629	3	72
266	yeephycho/densenet-tensorflow	2017-08-22T13:53:23Z	40	1	27
267	yewzijian/3dfeatnet	2018-07-05T08:26:44Z	136	2	15
268	rishizek/tensorflow-deeplab-v3-plus	2018-02-25T05:20:09Z	635	2	66
269	kobiso/cbam-tensorflow-slim	2018-08-06T12:45:21Z	82	1	8
270	wanggrun/learning-feature-pyramids	2018-04-20T03:58:35Z	16	1	43
271	chenxi116/tf-phrasecut-public	2017-07-19T17:21:58Z	22	1	4
272	wangbm/mtcnn-tensorflow	2018-02-10T05:19:49Z	141	1	11
273	hongyanggao/pixeldcn	2017-02-24T20:26:30Z	88	2	209
274	bilylee/siamfc-tensorflow	2017-11-29T15:12:43Z	315	2	6
275	patwie/tensorflow-recipes	2017-12-07T07:46:13Z	71	1	45
276	victordibia/handtracking	2017-11-26T05:47:39Z	1203	5	49
277	dmarcosg/dsac	2018-03-13T15:57:36Z	53	1	4
278	yuleiniu/vc	2017-12-04T16:55:12Z	25	1	3
279	lorenmt/vsl	2017-05-18T23:20:32Z	24	2	37
280	pppoe/tensorflow-sphereface-asoftmax	2017-12-13T21:36:45Z	92	1	2
281	cydonia999/tiny_faces_in_tensorflow	2017-10-15T10:18:43Z	348	1	6
282	fuhongshuai/fuhs_graphcnn	2018-06-14T06:46:32Z	6	1	5
283	lukeoverride/deemotions	2017-04-27T14:37:36Z	4	2	52
284	taki0112/group_normalization-tensorflow	2018-03-25T05:39:43Z	31	1	15
285	www0wwwjs1/matrix-capsules-em-tensorflow	2017-11-20T01:37:31Z	207	2	114
286	jackyko1991/vnet-tensorflow	2018-02-13T11:05:02Z	92	1	101
287	deepblacksky/vgg_tensorflow	2017-05-02T12:24:22Z	24	1	11
288	georgeseif/semantic-segmentation-suite	2017-12-09T22:56:49Z	2096	6	170
289	taki0112/resnext-tensorflow	2017-08-23T06:16:24Z	141	1	18
290	timctho/shufflenet-v2-tensorflow	2018-08-30T01:27:57Z	56	1	3
291	yuanluya/dbnet_tensorflow	2017-07-22T05:04:29Z	26	2	8
292	bihaqo/t3f	2017-01-19T17:10:30Z	163	8	761
293	kweisamx/tensorflow-espcn	2017-12-04T03:55:17Z	41	2	25
294	levinj/ssd_tensorflow_voc	2017-03-29T02:41:33Z	56	1	118
295	panweihit/dropneuron	2016-06-13T20:22:43Z	58	2	46
296	ncgarcia/modality-distillation	2018-10-26T08:49:19Z	15	2	6
297	lisjin/dcan-tensorflow	2017-06-14T04:33:31Z	56	1	40
298	dgurkaynak/tensorflow-cnn-finetune	2017-06-21T10:47:33Z	156	1	24
299	vividda/3d-physnet	2018-07-02T01:25:25Z	9	1	8
300	takerum/vat_tf	2017-04-11T05:51:35Z	199	2	36
301	mg2033/shufflenet	2017-09-15T16:36:56Z	368	3	73
302	johnyc1995/dsn_tensorflow_code	2017-03-20T05:34:33Z	5	1	55
303	steven-lang/dfi-tensorflow	2017-01-21T13:38:32Z	65	1	99
304	luannd/minutiaenet	2017-12-16T17:04:29Z	61	1	15
305	kevinzakka/spatial-transformer-network	2017-01-07T10:02:58Z	661	2	51
306	debarko/capsnet-tensorflow	2017-11-01T00:16:59Z	122	2	52
307	vonclites/squeezenet	2016-10-13T03:15:50Z	115	1	18
308	yuhuima/dfn-tensorflow	2018-05-17T10:09:43Z	93	1	33
309	vyraun/dni-tensorflow	2017-01-08T09:39:21Z	30	2	32
310	noahfl/densenet-sdr	2018-05-14T21:03:46Z	151	3	79
311	drewnf/tensorflow_object_tracking_video	2016-08-01T17:05:45Z	480	3	22
312	jiyanggao/ctap	2018-07-07T23:32:43Z	35	2	26
313	ritchieng/resnet-tensorflow	2016-12-15T19:49:00Z	32	1	10
314	curiousai/mean-teacher	2017-05-15T09:29:00Z	889	4	40
315	qianguih/voxelnet	2018-02-06T05:24:20Z	421	1	15
316	markdtw/condensenet-tensorflow	2018-01-26T08:34:42Z	27	2	15
317	gaussic/text-classification-cnn-rnn	2017-08-28T05:41:22Z	2943	3	59
318	dalgu90/wrn-tensorflow	2016-10-25T20:27:13Z	18	1	10
319	devkihyun/rdn-tensorflow	2018-09-04T14:13:09Z	9	1	49
320	nanqingd/deeplabv3-tensorflow	2017-12-06T23:02:22Z	269	2	71
321	guanfuchen/deep_sort	2018-08-16T11:53:58Z	3	4	30
322	mtmc-deecamp2018/deep_sort	2018-08-04T05:52:12Z	7	1	4
323	taki0112/switchable_normalization-tensorflow	2018-07-02T09:25:43Z	23	1	9
324	jonathonluiten/premvos	2018-10-24T20:46:32Z	103	2	7
325	fabianbormann/tensorflow-deconvnet-segmentation	2016-09-04T17:34:28Z	225	5	46
326	yuxwind/epsilonresnet	2018-05-16T02:28:39Z	17	1	75
327	yangyanli/pointcnn	2017-08-22T22:45:32Z	1002	6	185
328	ailias/focal-loss-implement-on-tensorflow	2017-10-28T14:13:56Z	255	1	12
329	ramakanth-pasunuru/video-dialogue	2018-08-28T01:10:34Z	14	1	9
330	chenwuperth/rgz_rcnn	2018-03-11T03:37:02Z	33	3	105
331	tropcomplique/faceboxes-tensorflow	2018-03-03T20:23:30Z	163	1	30
332	georgesung/ssd_tensorflow_traffic_sign_detection	2017-01-23T09:37:15Z	438	1	9
333	woodrush/neural-art-tf	2015-11-24T13:58:27Z	538	2	7
334	yxlijun/cifar-tensorflow	2018-07-16T11:00:16Z	14	1	15
335	dalgu90/resnet-18-tensorflow	2017-03-13T13:34:30Z	147	1	20
336	ivclab/neuralmerger	2018-04-30T09:43:05Z	13	2	34
337	antlerros/tensorflow-fast-neuralstyle	2016-08-23T11:58:57Z	48	5	94
338	kozistr/rcan-tensorflow	2018-09-28T14:21:53Z	36	1	97
339	miguelmonteiro/vnet-tensorflow	2017-12-04T14:38:37Z	66	1	10
340	xiaosucheng/densecap-tensorflow	2017-12-10T08:52:16Z	7	1	11
341	mg2033/mobilenet	2017-09-22T13:55:15Z	110	2	35
342	memespaper/memes_pipeline	2018-09-15T18:44:26Z	25	2	4
343	dtananaev/tf_lstm_depth	2018-08-11T16:40:36Z	2	1	56
344	devkihyun/srcnn-tensorflow	2018-08-15T11:37:05Z	5	1	28
345	kobiso/senet-tensorflow-slim	2018-07-21T12:57:01Z	48	1	25
346	yangxue0827/r2cnn_head_fpn_tensorflow	2018-01-14T07:04:20Z	108	1	26
347	kweisamx/vdsr	2017-11-08T06:35:21Z	23	1	14
348	smellly/densenet-tensorflow	2018-01-31T09:49:11Z	2	4	51
349	dshahrokhian/yolo_tensorflow	2016-12-19T14:31:15Z	43	1	39
350	barisgecer/facegan	2017-08-15T13:36:30Z	149	4	165
351	kweisamx/tensorflow-srcnn	2017-10-24T03:56:16Z	21	1	12
352	3ammor/video-pixel-networks	2017-08-21T17:20:39Z	54	1	66
353	wenxichen/tensorflow_yolo2	2017-05-08T02:50:52Z	22	2	93
354	hwalsuklee/tensorflow-fast-style-transfer	2017-02-18T11:14:08Z	203	1	46
355	zhangdebin1119/py-faster-rcnn-cpu-	2017-07-04T12:15:08Z	1	4	199
356	jiny2001/dcscn-super-resolution	2017-06-13T07:01:27Z	555	4	141
357	hiwonjoon/maml-tensorflow	2017-10-23T19:40:04Z	17	1	11
358	tkuanlun350/3dunet-tensorflow-brats18	2018-07-31T11:14:27Z	147	1	16
359	xuyuwei/resnet-tf	2016-02-14T05:02:03Z	80	1	10
360	decayale/fcrn-depthprediction	2017-09-04T12:22:02Z	1	1	9
361	masazi/cnn_depth_tensorflow	2016-12-08T16:06:43Z	108	2	16
362	kendricktan/suiron	2016-09-13T14:44:18Z	713	2	47
363	lpqdao/models	2018-07-12T19:26:08Z	1	3	14
364	ayush1997/xvision	2017-01-02T11:56:15Z	294	3	54
365	coopss/emnist	2017-06-24T02:30:42Z	72	3	16
366	zhengyang-wang/3d-unet--tensorflow	2018-07-23T18:15:38Z	113	1	21
367	pedro-morgado/spatialaudiogen	2018-09-07T01:50:19Z	25	1	69
368	niudong1001/cognitive_mapping_and_planning	2018-06-25T12:14:25Z	1	1	2
369	habrman/facerecognition	2017-06-25T10:05:54Z	179	1	29
370	louieyang/deep-photo-styletransfer-tf	2017-08-06T04:31:40Z	729	2	30
371	shengjiazhao/pixelvae	2017-02-20T06:58:28Z	3	5	64
372	philipperemy/tensorflow-class-activation-mapping	2017-01-27T02:41:31Z	138	2	26
373	alexemg/deeplabcut	2018-03-26T22:29:12Z	1450	30	255
374	felixgruen/tensorflow-u-net	2017-12-14T00:38:33Z	28	1	11
375	yxu0611/tensorflow-implementation-of-lcnn	2017-09-19T10:46:52Z	76	1	71
376	bigsnarfdude/faster-rcnn_tf	2016-11-26T14:18:55Z	59	5	35
377	wangyueft/dgcnn	2018-02-03T05:49:29Z	600	5	29
378	ghwatson/faststyle	2017-01-05T17:08:16Z	163	1	52
379	faustomilletari/cfcm-2d	2018-06-01T17:50:53Z	26	2	9
380	tensorlayer/srgan	2017-04-20T17:08:27Z	2225	6	98
381	floydhub/fast-style-transfer	2017-02-12T09:15:44Z	122	10	42
382	taesung89/real-nvp	2016-11-11T22:59:54Z	88	1	35
383	wenwei202/terngrad	2017-05-21T02:34:51Z	152	25	280
384	taki0112/partial_conv-tensorflow	2018-12-11T08:15:44Z	85	1	15
385	olavhn/fast-neural-style	2016-04-26T14:33:29Z	197	1	15
386	sirius-ai/mobilefacenet_tf	2018-05-14T14:23:18Z	222	3	21
387	whitesockcat/discriminative-feature-network	2018-05-14T12:33:40Z	9	1	5
388	kevinjliang/tf-faster-rcnn	2016-12-29T00:41:54Z	164	2	203
389	naturomics/capslayer	2017-11-26T08:54:22Z	326	3	46
390	dq0408/sphereface-tensorflow	2018-05-14T10:11:17Z	15	1	7
391	li-ming-fan/ocr-detection-ctpn	2017-12-31T05:10:13Z	198	2	105
392	iwyoo/tps_stn-tensorflow	2016-11-02T00:41:09Z	29	1	10
393	zardinality/tf_deformable_net	2017-07-19T13:06:58Z	167	2	17
394	fregu856/segmentation	2017-07-29T13:19:56Z	236	1	53
395	zsdonghao/spatial-transformer-nets	2017-06-23T14:28:55Z	34	1	6
396	huanzhang12/crown-robustness-certification	2018-09-24T06:21:42Z	6	3	18
397	sangeet259/tensorflow_unpooling	2017-10-09T15:42:48Z	18	1	12
398	fwtan/who_where	2018-03-11T05:38:36Z	9	1	25
399	wbenbihi/hourglasstensorlfow	2017-05-28T01:19:15Z	414	1	58
400	eridgd/wct-tf	2017-09-23T23:44:37Z	280	3	117
401	deeprnn/image_captioning	2016-09-29T20:21:57Z	634	1	47
402	flrngel/transformer-tensorflow	2017-12-27T08:39:37Z	10	1	13
403	tgyg-jegli/tf_texture_net	2016-12-20T13:48:39Z	95	2	5
404	seathiefwang/rdn-tensorflow	2018-07-04T06:29:55Z	6	1	8
405	haebinshin/dec-tensorflow	2018-06-22T19:10:38Z	42	1	4
406	dazhang-cv/s3d	2018-07-13T03:59:25Z	19	1	1
407	tryolabs/luminoth	2017-02-16T15:07:46Z	2297	13	837
408	shashanktyagi/hyperface-tensorflow-implementation	2017-05-04T03:18:28Z	67	2	43
409	zhengyang-wang/unet_3d	2017-06-20T21:28:11Z	56	1	22
410	judyye/zero-shot-gcn	2018-06-05T01:59:28Z	789	2	47
411	nmhkahn/dncnn-tensorflow	2017-05-05T04:41:00Z	12	1	27
412	yselivonchyk/tensorflow_whatwhereautoencoder	2017-03-01T15:10:09Z	34	2	13
413	max-andr/joint-cnn-mrf	2018-01-15T17:01:22Z	36	2	42
414	marcoancona/deepexplain	2017-11-01T11:50:35Z	438	3	85
415	jorgeceja/food101-tensorflow	2017-05-26T00:59:47Z	16	1	14
416	stanford-futuredata/noscope	2017-03-02T23:32:05Z	397	2	35
417	ericzgw/pyramidbox	2018-06-20T07:39:59Z	256	1	13
418	hikapok/xception_tensorflow	2018-02-05T11:00:19Z	10	1	5
419	hikapok/ssd.tensorflow	2018-04-18T10:39:17Z	310	1	33
420	liuhengli/linknet_tensorflow	2018-02-08T09:41:40Z	16	1	6
421	llsourcell/capsule_networks	2017-10-31T18:05:22Z	559	1	4
422	albertlai/deep-style-transfer	2016-11-16T01:00:36Z	44	1	24
423	henrysky/astronn	2017-10-14T01:40:28Z	98	1	1502
424	maybeshewill-cv/lanenet-lane-detection	2018-05-29T02:22:10Z	1070	4	110
425	ly-atdawn/unet-tensorflow	2018-03-14T11:53:16Z	39	1	17
426	lesliejackson/yolov1_tensorflow	2017-01-01T03:35:56Z	15	1	50
427	cameronfabbri/compute-features	2018-02-19T17:32:25Z	286	1	43
428	hassony2/kinetics_i3d_pytorch	2017-08-21T09:13:22Z	349	3	65
429	v-shmyhlo/retinanet-tensorflow	2018-02-07T14:47:07Z	24	1	604
430	comindorg/federated-averaging-tutorials	2018-09-06T01:44:58Z	131	3	80
431	fregu856/2d_detection	2017-08-07T16:57:24Z	131	1	101
432	shaohua0116/activation-visualization-histogram	2017-06-10T12:32:18Z	375	2	18
433	llsourcell/yolo_object_detection	2017-11-15T20:14:34Z	1485	1	4
434	robinatp/tensorflow_model_slim_classify	2018-03-27T00:39:33Z	41	1	39
435	ichuang/tflearn_wide_and_deep	2016-08-28T00:06:36Z	147	1	7
436	openai/glow	2018-06-19T20:03:00Z	2550	4	30
437	mengrang/dfl-cnn-tensorflow	2018-09-11T02:15:24Z	68	1	95
438	vudung45/facerec	2017-06-12T07:51:00Z	183	3	56
439	shenweichen/deepctr	2017-10-07T07:40:37Z	3229	3	57
440	kastnerkyle/deform-conv	2017-03-30T04:15:53Z	150	1	2
441	hq-jiang/instance-segmentation-with-discriminative-loss-tensorflow	2018-03-01T19:24:59Z	146	1	28
442	lijiancheng0614/tensorflow_object_detection	2017-09-07T04:05:23Z	12	1	7
443	innerpeace-wu/im2p-tensorflow	2018-01-27T12:52:44Z	11	1	2
444	hasnainraz/fc-densenet-tensorflow	2018-04-09T20:18:53Z	103	1	44
445	ruiminshen/yolo-tf	2017-03-11T05:18:40Z	201	1	108
446	kleinyuan/tf-object-detection	2017-09-13T07:44:44Z	80	1	24
447	xusean0118/dvsnet	2018-03-02T05:55:20Z	113	1	27
448	geonseoks/ssd-tensorflow	2018-12-31T05:22:26Z	3	1	18
449	gitlimlab/representation-learning-by-learning-to-count	2017-08-23T12:21:59Z	89	1	16
450	corea/automatic-portrait-tf	2016-11-25T01:33:55Z	85	1	18
451	shanren7/real_time_face_recognition	2017-01-27T06:37:54Z	881	1	12
452	balancap/tf-imagenet	2018-02-27T10:48:49Z	50	1	34
453	nnuyi/non-local_nets-tensorflow	2018-02-02T13:38:35Z	67	1	44
454	stesha2016/tensorflow-classification	2018-07-03T10:39:38Z	4	1	59
455	darkonhub/darkon	2017-11-13T12:09:15Z	229	3	33
456	marsan-ma-zz/imgrec	2016-10-19T07:29:55Z	46	1	12
457	flyzaway/deep-cross-tensorflow	2018-03-20T00:55:52Z	15	1	3
458	alexacarlson/sensoreffectaugmentation	2018-09-23T12:12:17Z	13	1	8
459	zhongwen/predictron	2016-12-31T10:46:15Z	284	1	70
460	wanggrun/learning-feature-pyramids-for-coco	2018-06-25T09:32:22Z	4	1	24
461	bgshih/seglink	2017-07-17T21:13:30Z	242	1	4
462	sanster/tf_ctpn	2018-05-29T13:12:18Z	35	13	390
463	lixilinx/psgd_tf	2018-03-18T16:21:09Z	27	1	52
464	whitehuai/tensorflow-fcn	2017-07-24T13:46:40Z	3	1	2
465	asanakoy/deeppose_tf	2017-01-29T01:47:50Z	130	1	15
466	petarv-/gat	2018-02-01T02:17:22Z	1358	2	14
467	simo23/tinyyolov2	2017-08-08T08:37:35Z	95	1	29
468	machrisaa/tensorzoom	2016-10-26T16:22:03Z	178	1	14
469	buffer51/lstm-rcnn-pedestrian-detection	2016-06-16T15:34:23Z	88	1	79
470	daigo0927/pwc-net_tf	2018-05-05T14:48:23Z	51	2	130
471	yfxc/tensorflow-t3d	2018-08-26T16:13:24Z	10	1	13
472	samitok/deeppose	2016-02-01T21:16:26Z	23	1	22
473	dushyantadhyani/kdtf	2018-03-12T12:54:00Z	90	1	3
474	jack-willturner/batchnorm-pruning	2018-02-13T16:56:47Z	54	1	74
475	kelkelcheng/gc-net-tensorflow	2018-05-16T07:00:34Z	15	1	7
476	conan7882/googlenet-inception-tf	2017-12-06T19:26:24Z	195	2	40
477	benbenlijie/style_swap_tensorflow	2018-02-21T06:07:34Z	38	1	9
478	chenxi116/tf-deeplab	2017-01-09T20:33:14Z	20	1	13
479	ohadlights/mobilenetv2	2018-01-22T08:08:28Z	26	1	15
480	wenqiwenqi1/neural-style	2018-02-14T11:56:36Z	38	1	5
481	holyseven/pspnet-tf-reproduce	2018-04-13T15:18:20Z	121	1	54
482	hikapok/tf.fashionai	2018-04-05T06:53:55Z	239	1	18
483	tbornt/ucdig_tensorflow	2016-11-25T01:04:41Z	3	1	3
484	huanzhang12/clever	2018-01-31T01:13:05Z	32	2	40
485	kuku-sichuan/fpn_faster_rcnn	2018-08-13T02:33:30Z	30	2	19
486	chenyncv/senet-tensorflow	2017-11-29T14:23:24Z	7	2	53
487	yangxue0827/mobilefacenet_tensorflow	2018-07-31T12:25:34Z	62	1	2
488	jingxil/pointer-networks	2017-07-19T05:59:15Z	42	1	2
489	solivr/tf-crnn	2017-05-05T09:38:03Z	248	3	202
490	yxlijun/tensorflow-yolov1	2018-08-08T06:42:42Z	5	1	4
491	aiinai/tf-insightface	2018-05-31T05:09:53Z	171	1	9
492	aminehorseman/facial-expression-recognition-using-cnn	2018-01-24T19:45:11Z	190	2	45
493	gstaff/tfzip	2016-01-12T04:26:49Z	28	1	8
494	luxu1113/resnet-tensorflow	2017-11-21T14:46:05Z	2	1	19
495	auroua/tf_rfcn	2017-10-22T04:43:49Z	22	1	26
496	mfigurnov/sact	2017-03-23T15:06:00Z	224	1	60
497	railsnoob/ssd_tensorflow	2017-07-06T03:27:31Z	5	1	50
498	yule-li/cosface	2018-03-11T14:06:25Z	230	1	30
499	pocheyeniu/summarunner	2018-06-26T14:38:54Z	38	1	15
500	leeyoshinari/yolo_v2	2018-04-18T03:01:59Z	74	1	54
501	ibm/tensorflow-large-model-support	2018-10-31T17:04:50Z	109	6	11
502	akuanchang/edge-detection-using-deep-learning	2017-12-05T08:26:41Z	18	1	4
503	lizhuorong/adversarial-reprogramming-tensorflow	2018-08-11T04:01:11Z	8	1	12
504	pavelgonchar/colornet	2016-04-19T09:16:50Z	3515	1	37
505	gudarjs/facial-recognition-tensorflow	2017-12-28T03:35:24Z	8	1	13
506	avoroshilov/neural-style	2017-01-28T02:44:27Z	8	6	205
507	fisheess/modular_ssd_tensorflow	2017-09-06T14:39:32Z	8	1	75
508	zonetrooper32/vdcnn	2017-08-29T07:45:04Z	145	1	19
509	mshunshin/segnetcmr	2017-02-11T20:43:40Z	54	1	13
510	smallcorgi/3d-deepbox	2017-09-12T05:17:08Z	349	1	17
511	hikapok/x-detector	2018-02-07T14:30:48Z	120	1	21
512	shenmbsw/tensorflow-dropblock	2018-11-12T12:24:01Z	4	1	4
513	bai-shang/ocr_tf_crnn_ctc	2018-09-19T12:09:59Z	291	1	13
514	janivanecky/artistic-style	2016-08-05T09:43:42Z	164	2	5
515	ckchaos/tlnet-tensorflow	2018-04-29T07:31:58Z	2	1	4
516	hwalsuklee/tensorflow-mnist-mlp-batch_normalization-weight_initializers	2017-01-02T13:18:47Z	46	1	11
517	ildoonet/tf-lcnn	2017-08-17T10:06:13Z	39	1	10
518	raj-08/tensorflow-object-contour-detection	2018-06-04T08:14:39Z	53	1	8
519	hycis/tensorgraphx	2016-01-06T04:59:00Z	67	5	326
520	weilinie/backpropvis	2018-07-13T06:40:07Z	4	2	8
521	kevinhexin/unet_tensorflow	2018-10-29T00:22:35Z	1	1	12
522	muhammadzaheer/roadway_intel	2016-07-27T16:21:02Z	55	1	80
523	weisupreme/shufflenet2-tensorflow	2018-12-14T13:02:45Z	3	1	15
524	therne/relation-networks-tensorflow	2017-06-08T18:21:48Z	9	1	6
525	kimoktm/u-net	2017-04-24T00:00:43Z	50	1	1
526	saeeeeru/dtc-tensorflow	2018-09-23T12:10:26Z	44	3	3
527	oandrienko/fast-semantic-segmentation	2018-02-19T04:41:25Z	184	1	121
528	detectionteamucas/r-fcn_tensorflow	2018-12-27T12:30:52Z	16	1	2
529	avoroshilov/tf-squeezenet	2017-02-25T23:04:43Z	27	1	15
530	ritchieng/wideresnet-tensorlayer	2016-10-29T03:42:58Z	43	1	9
531	zjulearning/pixel_link	2018-03-26T09:38:54Z	717	2	23
532	hasnainraz/skin-segmentation-tensorflow	2018-02-01T20:06:49Z	35	1	6
533	shenduliandan/mobilenet-v2	2018-02-05T06:22:24Z	6	1	35
534	li-ming-fan/ocr-crnn-ctc	2017-12-31T06:54:50Z	74	1	90
535	amobiny/capsule_network_tensorflow	2018-01-08T02:49:16Z	6	2	16
536	eragonruan/refinenet-image-segmentation	2017-09-16T15:36:33Z	114	1	14
537	alvinzhu/py_densenet	2017-10-18T09:09:32Z	4	1	26
538	amir-saniyan/zfnet	2018-06-14T03:05:02Z	18	1	1
539	randaller/cnn-rtlsdr	2017-12-18T10:30:32Z	169	2	58
540	shuangxieirene/mobilenet-v2	2018-02-04T22:27:28Z	71	1	11
541	melonwan/densereg	2017-11-22T16:42:51Z	165	1	29
542	iwyoo/temporalregularitydetector-tensorflow	2016-09-24T03:20:23Z	14	1	10
543	ildoonet/tf-mobilenet-v2	2018-02-12T02:12:58Z	81	2	11
544	harry19902002/image-style-transfor	2016-07-22T10:20:20Z	136	1	3
545	dthiagarajan/grozi_tf	2016-05-23T19:34:50Z	6	2	78
546	alexander-rakhlin/iciar2018	2018-01-22T01:40:57Z	148	3	38
547	mercileesb/delf_tensorflow	2018-02-22T12:29:21Z	2	1	14
548	dengdan/seglink	2017-06-07T06:22:39Z	457	1	82
549	iamaaditya/image-compression-cnn	2016-12-27T00:00:12Z	206	2	29
550	ap229997/deeplab_tensorflow	2017-09-26T20:03:59Z	3	1	25
551	blouargant/deep_painting	2017-03-09T16:28:57Z	1	4	52
552	kim-skyline0205/monodepth	2018-05-15T05:42:30Z	1	4	34
553	loliverhennigh/steady-state-flow-with-neural-nets	2017-03-27T00:58:55Z	86	1	27
554	peace195/sppnet	2017-06-27T09:10:13Z	105	1	17
555	colincsl/temporalconvolutionalnetworks	2016-12-13T15:55:46Z	174	1	10
556	iwbn/age-estimation-ranking-tensorflow	2018-11-15T12:15:35Z	14	1	2
557	dengdan/tf-pvanet	2017-10-11T00:15:47Z	16	1	5
558	robbertbrand/yolo-tensorflow-implementation	2018-07-21T21:24:56Z	1	1	15
559	paengs/netreform	2016-05-11T08:14:38Z	4	1	11
560	deepsegment/fcn-googlenet	2017-05-06T09:53:40Z	45	2	139
561	crestonbunch/tbcnn	2017-04-14T15:34:03Z	86	1	4
562	learningtitans/isbi2017-part3	2017-03-06T04:39:28Z	55	2	18
563	ruishu/fast-style-transfer	2017-08-29T05:18:37Z	15	1	5
564	xjtuwyd/dorefa_cifar10	2017-11-08T09:22:52Z	26	1	3
565	bayeswatch/tf-variational-dropout	2017-07-26T14:55:24Z	20	1	30
566	panji1990/deep-subspace-clustering-networks	2017-08-17T04:25:17Z	137	1	96
567	shafeentejani/fast-style-transfer	2016-12-27T14:03:25Z	147	1	41
568	yuanming-hu/exposure	2018-02-18T16:25:46Z	511	2	96
569	katsugeneration/tensor-fsmn	2016-11-13T09:06:15Z	49	1	4
570	taogelose/my_yolo_tensorflow	2018-04-05T12:02:09Z	4	4	32
571	gitbosun/roomnet	2018-04-23T08:25:06Z	53	1	16
572	tonypeng/tensorstyle	2016-08-20T04:40:03Z	19	1	30
573	lucasb-eyer/nonlocal-tf	2018-03-08T15:59:12Z	66	1	3
574	hillox/tfmaskrcnn	2017-04-19T17:02:38Z	9	1	5
575	kkjh0723/icub-tensorflow	2017-03-29T02:03:03Z	1	1	29
576	mengrang/cpn-tensorflow	2018-06-05T04:40:50Z	6	1	9
577	paulchongpeng/yolo2tensorflow	2017-06-23T06:07:10Z	39	1	12
578	preritj/segmentation	2017-09-28T13:48:03Z	94	1	13
579	madrylab/cifar10_challenge	2017-07-12T05:32:42Z	220	4	20
580	tianzhongsong/tensorflow-quantization-test	2018-07-09T09:03:44Z	52	1	106
581	princeton-vl/pose-ae-demo	2017-06-20T20:05:03Z	89	1	6
582	bryanyzhu/deepof	2016-08-24T08:10:07Z	27	2	33
583	taigw/brats17	2017-12-14T14:09:35Z	248	2	95
584	worstprogrammercn/fcn-tensorflow-ade20k	2018-06-14T17:01:32Z	14	2	6
585	mingfx/siamfc-tensorflow	2018-12-28T10:14:33Z	4	3	5
586	truskovskiyk/logos.tensorflow	2018-05-26T19:33:36Z	11	1	10
587	jimmyyhwu/style-transfer	2016-12-12T08:17:15Z	24	1	3
588	kaonashi-tyc/rewrite	2016-10-26T03:11:46Z	614	1	20
589	rayanelleuch/speed-accuracy-trade-offs-for-modern-convolutional-object-detectors	2017-03-22T06:24:28Z	32	1	2
590	ryujaehun/alexnet	2017-10-12T12:37:43Z	20	1	11
591	proofbyconstruction/texture-networks	2016-03-18T22:52:18Z	21	1	20
592	aby2s/sharpmask	2018-04-28T04:25:33Z	26	1	26
593	leerel1991/facealignment_tensorflow	2018-12-02T07:41:23Z	53	1	26
594	jangsoopark/idn-tensorflow	2018-10-21T09:45:07Z	12	1	22
595	lerrel/grasp-detector	2017-03-13T15:38:09Z	36	2	20
596	jerryli27/twingan	2018-04-18T05:00:54Z	619	2	25
597	udacity/carnd-semantic-segmentation	2017-05-17T23:56:24Z	156	5	24
598	miguelmonteiro/crfasrnnlayer	2018-03-09T14:52:59Z	61	1	28
599	dawars/squeezenet-tf	2016-11-23T22:07:38Z	14	2	15
600	mohamedkeid/feed-forward-style-transfer	2017-01-16T04:16:56Z	78	1	26
601	tramac/densevoxnet-tensorflow	2018-05-08T09:32:26Z	17	1	11
602	mananrai/tensorflow-openpose	2018-10-17T07:29:57Z	4	2	101
603	nnuyi/peleenet	2018-05-09T00:46:44Z	83	1	38
604	cc-hpc-itwm/tensorquant	2017-09-27T11:11:19Z	44	2	46
605	mlearing/tensorflow-mtcnn	2019-01-05T12:58:51Z	1	1	1
606	pinto0309/tensorflow-enet	2018-10-11T15:28:49Z	3	2	29
607	shinjayne/shintb	2017-07-23T10:34:47Z	89	1	7
608	desimone/segmentation-models	2016-12-30T18:45:29Z	16	1	2
609	altosaar/vimco_tf	2016-11-04T19:26:12Z	5	2	17
610	arassadin/image-compression-benchmarking	2016-10-06T08:52:54Z	36	3	40
611	zonghaofan/dilation-tensorflow	2018-12-29T08:21:01Z	1	1	2
612	bethgelab/decompose	2018-03-27T12:56:28Z	35	2	79
613	ibm/max-object-detector	2018-03-09T23:29:27Z	62	18	44
614	kyubyong/sudoku	2016-12-19T01:52:51Z	713	4	24
615	ling-bao/mscnn	2018-04-12T14:17:14Z	72	1	14
616	kobiso/super-convergence-tensorflow-slim	2018-08-31T12:40:05Z	9	1	2
617	hikapok/tf-senet	2018-03-30T05:51:02Z	44	1	7
618	kejielyu/residual-attention-network	2018-02-01T07:35:22Z	38	1	8
619	ksaito-ut/atda	2017-12-28T07:03:25Z	16	1	12
620	feifeibear/distributed-resnet-tensorflow	2018-01-25T00:57:54Z	15	2	28
621	sk1712/gcn_metric_learning	2017-05-26T16:44:40Z	140	1	7
622	benbenlijie/style_transfer_tensorflow	2018-02-07T10:33:15Z	1	1	8
623	hoya012/shake-shake-tensorflow	2018-12-31T05:47:22Z	7	1	8
624	zhangqianhui/residual_image_learning_gan	2017-11-01T06:42:14Z	26	1	23
625	jaywongwang/densevideocaptioning	2018-10-06T15:18:32Z	105	1	77
626	eridgd/adain-tf	2017-08-29T22:04:47Z	50	1	42
627	magical2world/tensorflow-tree-cnn	2018-04-16T06:47:40Z	8	1	13
628	deworrall92/harmonicconvolutions	2016-03-24T17:58:16Z	235	3	556
629	milliondegree/semantic-segmentation-tensorflow	2017-12-15T07:48:07Z	9	1	42
630	mayuri0192/object-tracking-using-cnn-and-rnn	2018-02-06T00:48:19Z	45	1	19
631	bgshih/vgg16.tf	2016-05-25T03:58:58Z	12	1	5
632	min2209/dwt	2017-05-04T20:09:03Z	161	1	10
633	coder3101/neural-style-transfer	2018-08-22T15:31:05Z	5	1	5
634	halimacc/densehumanbodycorrespondences	2016-11-16T10:34:52Z	44	1	9
635	murdockhou/multiposenet-tensorflow	2018-09-29T08:13:03Z	14	1	6
636	mocr/ddpg	2016-02-09T16:14:27Z	36	2	27
637	sirius-ai/mobilenetv2_tf	2018-02-13T14:46:14Z	8	1	3
638	nnormandin/yellowfin_keras	2017-07-04T11:38:01Z	16	2	10
639	swxhss/densenet_tensorflow	2018-11-27T04:57:32Z	1	1	3
640	deep-diver/deepmodels	2018-08-23T11:47:03Z	33	1	147
641	frankgu/3d-densenet	2017-03-22T16:31:36Z	113	2	172
642	khushmeeet/squeezenet	2017-01-21T09:37:14Z	11	1	16
643	djl11/pwc_net_tensorflow	2018-07-10T05:35:56Z	15	1	12
644	dafanghe/tensorflow_scenetext_oriented_box_predictor	2018-10-31T00:05:03Z	25	1	18
645	helloyide/cross-stitch-networks-for-multi-task-learning	2018-07-15T13:34:19Z	56	1	33
646	anushuk/tensorflow-object-detection	2018-08-04T06:43:31Z	4	1	10
647	infocom-tpo/tf-openpose	2017-12-06T05:05:18Z	25	3	106
648	wzirui/guided-neural-style	2017-05-18T08:17:40Z	24	1	13
649	rachit2403/easy-cut	2018-09-28T14:31:30Z	10	1	54
650	tnikolla/robot-grasp-detection	2017-05-03T16:38:58Z	97	1	59
651	lahirujayasinghe/rul-net	2018-08-12T15:25:00Z	72	1	30
652	madrylab/mnist_challenge	2017-06-28T22:51:08Z	388	2	29
653	chengbinjin/real-time-style-transfer	2018-06-21T00:37:52Z	63	1	23
654	yudewang/fpn_semantic_segmentation	2017-12-15T06:37:13Z	62	1	12
655	fastai/tf-fit	2018-10-08T19:08:59Z	85	2	24
656	rostifar/nyudepthnet	2016-09-18T00:53:04Z	42	1	16
657	mohamedkeid/texture-synthesis	2017-03-13T17:26:56Z	31	1	9
658	paengs/net2net	2016-04-22T08:51:07Z	39	2	30
659	wanzysky/fine-gained-classification	2017-12-18T03:50:16Z	9	1	1
660	shafeentejani/style-transfer	2016-12-27T13:40:59Z	34	1	20
661	ritchieng/numnum	2016-09-25T15:09:52Z	36	1	39
662	yunzeman/ircnn	2018-06-26T06:04:59Z	14	1	10
663	filippomb/reservoir-computing-framework-for-multivariate-time-series-classification	2018-03-13T17:06:10Z	76	2	21
664	samuelzhouhe/poseguidedimggeneration	2017-10-07T11:17:18Z	48	3	118
665	hfawaz/bigdata18	2018-10-17T08:45:50Z	228	2	32
666	tencent/tencent-ml-images	2018-10-15T02:29:22Z	2659	3	149
667	enjia/spatial-regularization-network-in-tensorflow	2018-09-03T09:13:05Z	15	1	17
668	wengong-jin/nips17-rexgen	2017-09-22T14:42:06Z	80	1	20
669	rakutentech/stadv	2018-05-11T08:05:02Z	51	1	12
670	yangxueruivs/dfsmn	2018-07-17T05:57:49Z	32	1	4
671	leeyoshinari/yolo_tiny	2018-04-16T11:49:35Z	15	1	13
672	ashwhall/dsnt	2017-11-19T11:35:03Z	35	3	25
673	hikapok/groupnormalizationtf	2018-07-27T02:56:10Z	17	1	3
674	sagieppel/fully-convolutional-neural-network-fcn-for-semantic-segmentation-tensorflow-implementation	2017-08-19T13:28:25Z	52	1	26
675	shijx12/deepsim	2017-09-05T08:28:59Z	21	2	180
676	gunshi/appearance-flow-tensorflow	2017-12-11T21:31:08Z	6	2	75
677	jiny2001/deeply-recursive-cnn-tf	2016-11-13T16:34:44Z	114	1	53
678	eigenpro/eigenpro2	2018-06-18T19:02:08Z	18	2	6
679	danielzuegner/nettack	2018-06-03T19:24:06Z	121	1	11
680	skydes/concrete-dropout	2017-12-15T08:42:13Z	17	1	9
681	kozistr/awesome-segmentations	2018-06-22T18:19:16Z	59	1	32
682	knowledgetechnologyuhh/emotionrecognitionbarros	2018-06-01T13:33:17Z	10	1	35
683	wuyx/cnn---dslr-quality-photos-on-mobile-devices-with-deep-convolutional-networks	2018-03-17T11:51:49Z	5	1	5
684	nilboy/colorization-tf	2017-01-14T03:34:23Z	81	2	5
685	micmelesse/3d-reconstruction-with-neural-networks	2017-09-15T15:35:47Z	66	1	586
686	yashkant/padam-tensorflow	2018-12-16T19:41:06Z	50	3	224
687	tonychanbb/chinese_painting-style	2017-04-10T03:12:23Z	32	1	5
688	chan-y-park/img2txt	2017-07-21T21:08:30Z	16	1	69
689	lirongwu/doform_conv_tensorflow	2018-12-09T08:41:21Z	48	1	5
690	dhruv-mohan/super_tf	2017-07-18T20:34:01Z	6	1	225
691	yukunchen113/resnetcnn	2017-08-18T16:09:45Z	1	1	11
692	uranusx86/random-erasing-tensorflow	2018-12-14T13:02:58Z	8	1	10
693	tetianadadakova/mri-cnn	2018-01-03T22:51:39Z	54	1	33
694	skaftenicki/ddtn	2018-03-13T10:52:31Z	35	1	32
695	yanx27/yolo_tensorflow	2018-09-01T03:24:59Z	0	1	10
696	chrisgundling/yolo_light	2017-04-23T20:31:31Z	83	1	59
697	jiamings/fast-weights	2016-10-29T06:19:37Z	170	1	7
698	towardsnorth/yolo_v1_tensorflow_guiyu	2018-08-07T04:34:17Z	52	1	19
699	lantaoyu/residual-networks	2017-05-01T14:42:43Z	19	1	6
700	crazydemo/facial-attribute-classification-with-graph	2018-10-17T11:17:05Z	13	1	13
701	zjucx/roseprisma	2017-02-08T14:06:03Z	26	1	10
702	penny4860/weakly-supervised-text-detection	2018-01-20T05:06:55Z	29	1	244
703	holyseven/transferlearningclassification	2018-02-08T10:35:25Z	34	1	45
704	kaspermarstal/brainnet	2017-02-26T12:54:56Z	11	2	61
705	kstaats/karoo_gp	2015-10-22T10:29:52Z	119	2	158
706	mgoubran/meuralpaint	2017-06-20T03:36:46Z	13	1	77
707	gcucurull/neural-art-transfer	2016-08-14T19:39:16Z	22	1	9
708	dekhtiarjonathan/tensorflow-tensorlayer-zoo	2018-06-15T09:18:02Z	4	4	177
709	machine-learning/inception-v3-tensorflow	2017-09-03T07:00:00Z	1	1	4
710	aparav/artistic-style	2017-06-13T23:56:29Z	7	1	32
711	ni9elf/qanet	2018-05-31T23:50:42Z	30	1	26
712	tolstikhin/adagan	2017-02-20T12:50:01Z	72	3	213
713	xjtuwyd/twn	2017-10-31T15:00:36Z	10	1	4
714	hirokiyokoyama/tracking_via_colorizing	2018-06-30T07:44:28Z	52	1	81
715	justin-tan/entropy-sgd-tf	2017-12-17T12:37:09Z	7	1	46
716	jimeffry/ssh-tensorflow	2018-12-05T03:29:39Z	5	1	12
717	whitehuai/faster-rcnn-tensorflow	2017-12-09T09:01:38Z	2	2	169
718	compvis/adaptive-style-transfer	2018-07-26T01:59:16Z	515	5	28
719	dhzs/tf-deformable-conv-layer	2018-10-15T01:27:01Z	37	1	5
720	edgelord/fractalnet	2016-06-29T23:39:52Z	43	1	53
721	maple-research-lab/cappronet_tf	2018-12-05T13:03:39Z	19	1	64
722	tkchris93/forwardthinking	2017-05-19T16:25:39Z	102	2	23
723	sthalles/face-similarity	2018-08-31T20:27:39Z	48	1	21
724	jasonlitw/simple-railway-captcha-solver	2017-12-24T13:24:20Z	598	1	13
725	tensorlayer/adaptive-style-transfer	2018-08-25T09:57:38Z	84	3	28
726	mirzaevinom/data_science_bowl_2018	2018-06-27T20:15:44Z	134	1	12
727	wunderdogsw/tensorflow-image-classification-tutorial	2017-10-03T08:42:38Z	2	1	4
728	jakebelew/gated-pixel-cnn	2017-02-26T21:41:41Z	22	1	2
729	dojoteef/dvae	2017-02-04T17:01:51Z	23	1	2
730	ftokarev/tf-adain	2017-08-07T14:58:33Z	49	2	6
731	cutlass90/grad-cam-tensorflow	2017-02-13T11:37:30Z	1	1	4
732	arberzela/imagenet32-tensorflow	2017-12-15T15:49:19Z	2	1	5
733	dot27/temporal-tessellation	2016-12-14T15:15:18Z	58	1	18
734	jinyanxu/resnet_cifar-10_tensorflow	2017-12-19T06:16:20Z	1	2	16
735	xlmou/semantic-segmentation-tensorflow	2018-12-07T03:31:16Z	1	1	26
736	cydonia999/grad-cam-in-tensorflow	2018-05-13T08:06:51Z	18	1	7
737	nnuyi/srgan	2017-12-17T13:18:29Z	40	1	26
738	versechow/segnet_tensorflow	2017-07-03T19:53:26Z	2	1	31
739	zhyj3038/traffic_detection_yolo2	2017-09-07T03:26:48Z	8	1	6
740	vainf/neural-style-transfer-gatys	2018-05-22T15:56:25Z	6	1	26
741	google/ffn	2017-11-10T19:13:38Z	228	5	50
742	lzane/siamfc-tf	2018-06-04T05:23:15Z	20	3	26
743	mlearing/tensorflow-pyramidbox	2019-01-05T13:05:21Z	1	1	3
744	mlearing/tensorflow-deeplab-v3	2018-12-01T03:13:35Z	3	1	1
745	lapis-hong/wide-resdnn	2018-03-23T09:37:00Z	62	1	27
746	geeklib/facenet	2017-04-29T10:35:29Z	3	1	1
747	olekristensen/fast-style-transfer	2017-05-29T11:31:23Z	4	11	46
748	sarslancs/graph_saliency_maps	2018-09-14T10:05:05Z	24	1	50
749	markojerkic/tensorflow_style_transfer	2018-01-26T19:28:42Z	4	1	9
750	jiangqh/style-transfer-in-tensorflow	2017-02-24T05:38:21Z	4	1	48
751	ly-atdawn/show-and-tell	2017-10-13T12:33:02Z	4	1	15
752	macwinwin/deep-model-transfer	2018-04-23T03:23:30Z	32	1	14
753	markdtw/temperature-scaling-tensorflow	2018-06-16T09:57:56Z	13	1	1
754	xingjunm/lid_adversarial_subspace_detection	2017-10-27T05:21:38Z	64	1	17
755	mr-woeng/cifar-model-tensorflow	2018-11-08T09:21:19Z	3	1	50
756	labsix/adversarial-logit-pairing-analysis	2018-07-17T23:49:11Z	49	30	2599
757	capslockor/mtcnn-tensorflow	2018-03-12T02:57:24Z	1	1	11
758	cjratcliff/variational-dropout	2017-06-05T13:52:47Z	15	1	17
759	loliverhennigh/ultrasound-nerve-segmentation-in-tensorflow	2016-07-20T01:07:02Z	5	1	14
760	fullfanta/multimodal_transfer	2017-04-06T07:19:21Z	27	1	5
761	tonitick/ar-cnn	2017-05-19T12:55:13Z	20	1	9
762	lwchen6309/unsupervised-image-segmentation-by-wnet-with-normalizedcut	2018-08-25T07:32:40Z	49	1	32
763	mohamedkeid/style-transfer-algorithm	2016-12-24T00:04:07Z	10	1	33
764	daniel-ai/tf-style-transfer	2016-10-24T07:15:45Z	4	2	34
765	dbusbridge/tf-best-practices	2017-11-22T09:51:20Z	9	1	23
766	lzx551402/geodesc	2018-07-10T02:52:59Z	153	1	10
767	tropcomplique/light-head-rcnn	2018-06-27T21:13:31Z	24	1	44
768	koichiro11/residual-attention-network	2017-08-29T05:34:42Z	93	1	62
769	andersonjo/global-average-pooling	2017-11-08T15:24:09Z	15	1	4
770	ruohanw/magan	2017-04-14T15:13:51Z	9	1	1
771	akaraspt/deepsleepnet	2017-05-28T13:28:49Z	149	1	20
772	junbinwang/tensorflow-style-transfer-with-adain	2018-05-31T13:28:51Z	14	1	22
773	aichitudou/yolo_tensorflow_car	2017-11-18T08:21:47Z	1	1	2
774	mlearing/tensorflow-yolo-v1	2018-10-07T02:03:42Z	2	1	3
775	zhyj3038/pymdnet	2017-09-29T08:50:42Z	12	1	13
776	akshaybahadur21/autopilot	2018-07-07T12:21:17Z	279	1	13
777	csehong/sspp-dan	2017-05-29T01:36:56Z	32	1	31
778	hfawaz/dl-4-tsc	2018-09-10T08:22:38Z	445	5	23
779	sunnerli/rir-tensorflow	2017-09-13T01:49:45Z	3	1	8
780	conan7882/vgg-cifar-tf	2017-09-29T19:48:01Z	8	1	57
781	automan000/deeplab_v1_tf1.0	2017-04-27T02:57:56Z	8	1	35
782	sebasvega95/neural-style-transfer	2018-06-25T21:21:51Z	4	1	5
783	episci/safeai	2018-10-09T14:03:04Z	12	6	160
784	vladislavprh/mdr	2017-08-19T10:36:11Z	9	1	15
785	nnuyi/mobilenet_v2	2018-05-05T00:46:24Z	3	1	35
786	vohoaiviet/r2cnn_fpn_tensorflow	2018-03-23T02:09:06Z	0	1	113
787	yuanyuanli85/fashionai_keypoint_detection_challenge_keras	2018-05-24T08:01:03Z	129	1	13
788	leeyoshinari/yolo_v1	2018-04-16T01:47:20Z	3	1	21
789	hsddlz/faster-ctpn	2018-12-13T02:50:36Z	179	1	8
790	lewuathe/tensorflow-styletransfer	2017-06-11T13:30:17Z	1	1	2
791	kakugawa/metalcnnweights	2016-10-28T23:13:33Z	36	1	1
792	johnnylu305/simple-does-it-weakly-supervised-instance-and-semantic-segmentation	2018-07-03T19:46:46Z	35	1	94
793	michigancog/m-pact	2018-04-16T21:28:10Z	77	2	453
794	softwaregift/mvsnet	2018-07-06T12:20:26Z	8	1	4
795	sthalles/dense-net	2017-07-24T18:57:06Z	9	1	19
796	mtreml/squeezenet	2017-02-14T15:06:47Z	7	2	5
797	iwyoo/tf_conv_cosnorm	2017-02-27T04:29:43Z	3	2	4
798	chshin10/epinet	2018-03-26T09:20:47Z	44	1	50
799	browningwan/fast-neural-style-android-app	2018-03-31T14:24:37Z	21	1	32
800	mks0601/tf-simplehumanpose	2019-01-04T16:49:08Z	234	2	59
801	kleinyuan/tf-segmentation	2018-02-01T07:02:20Z	11	1	22
802	superlich7/fasterrcnntf_icpr2018	2018-05-20T07:55:52Z	15	1	10
803	gyiming/mobileslam	2018-10-05T04:13:24Z	2	5	38
804	seokjuns/hide-and-seek-tensorflow	2017-12-01T13:04:06Z	2	1	37
805	tegusi/rgcnn	2018-07-05T11:27:50Z	39	1	7
806	alisure-ml/semantic-segmentation-dilatedconvolution	2017-12-24T04:17:54Z	9	1	1
807	lyj8330328/object-detection	2018-03-01T06:45:25Z	15	1	2
808	datlife/steering-model	2017-04-24T17:48:08Z	4	1	6
809	johnmartinsson/bird-species-classification	2016-11-01T13:21:48Z	52	2	337
810	watsonyanghx/resnet	2017-04-16T10:24:23Z	1	1	14
811	hodgka/pixel-recursive-super-resolution	2017-02-23T10:14:03Z	3	1	17
812	christiankaiser/segnet.tf	2018-02-26T06:41:58Z	1	1	1
813	silburt/deepmoon	2017-11-25T20:46:11Z	57	2	96
814	ishmav16/dual-cnn-models-for-unsupervised-monocular-depth-estimation	2018-04-18T08:44:54Z	34	1	11
815	jinnovation/derain-net	2017-06-07T21:46:03Z	15	2	54
816	daniel985/mobilenet4segmentation	2017-08-03T06:56:58Z	5	1	6
817	tommoral/adaptiveoptim	2016-07-14T09:49:02Z	15	1	28
818	lesliezhoa/tensorflow-yolo1	2018-11-11T02:28:14Z	93	1	15
819	tchaton/deeplda	2018-05-31T07:50:10Z	2	1	5
820	jhb86253817/tf-re-id	2017-06-27T13:20:58Z	26	1	15
821	shakarim94/net-sure	2018-12-11T16:45:59Z	28	1	8
822	nikhilmaram/show_and_tell	2018-03-17T16:49:55Z	43	1	23
823	penny4860/kitti-road-semantic-segmentation	2018-02-02T11:48:08Z	16	3	147
824	fensichen/faster-rcnn-tf	2017-09-12T17:36:22Z	6	1	4
825	ywiyogo/squeezenet	2017-09-20T09:04:39Z	1	2	18
826	yellowpig-zp/neural-style	2018-06-29T06:56:56Z	3	1	27
827	creoin/tensorflow_cnn_fine-tuning	2017-11-15T05:58:34Z	2	1	1
828	tongxyh/maskrcnn	2018-03-01T08:14:28Z	1	1	40
829	qhan1028/fully-convolutional-networks	2017-07-12T02:47:49Z	32	1	34
830	imatge-upc/3d-gan-superresolution	2018-06-18T10:36:26Z	79	2	13
831	srebuffi/icarl	2017-03-30T15:40:54Z	102	3	13
832	hovinh/decnn	2017-09-26T10:17:04Z	6	1	11
833	qiaohan/object_detection	2016-10-25T07:26:43Z	4	1	14
834	wangxianliang/shufflenet_v2_tensorflow	2018-08-06T06:59:58Z	3	1	2
835	zqdeeplearning/ssd-tf	2018-01-02T15:51:11Z	0	1	2
836	alldbi/flm	2018-09-24T17:14:58Z	14	1	37
837	rmkemker/earthmapper	2018-02-26T13:25:03Z	59	2	32
838	pourabkarchaudhuri/unsupervised-clustering-faces-tensorflow	2018-07-27T15:44:19Z	3	2	22
839	rongpeng-lin/pconv_in_tf	2018-08-03T14:01:41Z	23	1	10
840	jpmcd/tensorflow-knowledgedistillation	2017-12-20T20:01:38Z	3	1	2
841	jackie840129/texture_synthesis_with_tensorflow	2016-07-04T13:26:45Z	2	1	21
842	selinafelton/lightfacenet	2018-08-04T10:56:29Z	27	1	19
843	auroua/l_softmax_tensorflow	2017-11-20T15:02:21Z	20	1	4
844	shyamsn97/neuralstyletensorflow	2018-07-26T16:17:38Z	1	1	14
845	breadbread1984/c3d	2018-07-08T02:22:55Z	12	1	13
846	jaesik817/nips17_adv_attack	2017-10-25T23:38:34Z	10	1	7
847	heartkilla/yolo-v3	2018-11-23T15:46:46Z	87	1	33
848	bharat-rajani/object-detection-with-yolo-and-tensorflow	2018-03-29T20:01:30Z	3	1	1
849	evtimovi/robust_physical_perturbations	2018-04-07T20:52:20Z	35	2	12
850	kangxue/p2p-net	2018-05-12T13:04:28Z	31	1	32
851	alisure-ml/capsnet	2017-11-15T03:16:13Z	9	1	11
852	rickyhong/tensorflow-docu-reg-repl	2018-04-06T03:20:58Z	1	1	79
853	adodd202/kaggle-statoil-challenge	2017-11-19T19:37:01Z	4	1	122
854	kshmelkov/incremental_detectors	2018-06-22T18:31:07Z	48	2	4
855	kitsune999/optical-flow-guided-feature	2018-07-09T02:52:47Z	21	1	1
856	pby5/tensorflow_object_tracking_video	2016-07-22T05:34:39Z	2	1	55
857	marian-margeta/gait-recognition	2017-05-03T01:21:15Z	222	1	27
858	hungsing92/canshi	2017-07-27T01:48:02Z	4	1	36
859	phraust1612/cifar100challenge	2017-04-05T10:49:26Z	2	1	1
860	hiwonjoon/tf-frrn	2017-11-15T18:19:10Z	40	1	8
861	hzy46/faster-rcnn	2017-03-27T12:37:54Z	8	3	30
862	liuhuiwisdom/object_detection	2016-11-20T03:49:28Z	3	1	2
863	junshengfu/driving-behavioral-cloning	2017-02-15T07:14:29Z	8	1	35
864	conan7882/neural-style-tf	2017-10-29T20:55:01Z	6	1	57
865	olafenwamoses/idenprof	2018-04-30T17:58:54Z	114	3	78
866	shenyuanyuan/imsat	2018-04-29T13:08:18Z	5	1	3
867	zhuxinqimac/b-cnn	2017-10-05T06:43:54Z	27	1	11
868	dubvulture/tensor_fcn	2017-08-15T20:08:38Z	3	1	23
869	robotlocomotion/labelfusion	2017-07-07T10:06:30Z	187	7	250
870	google/differentiable-atomistic-potentials	2018-01-23T19:31:50Z	41	1	102
871	keithyin/faster-rcnn_tfpy2	2017-06-28T10:53:49Z	5	1	2
872	humanity123/deep_image_styler	2017-07-24T11:55:14Z	4	1	13
873	pfcm/sonnet-mobilenet	2017-04-21T02:36:15Z	3	1	2
874	at553/tfdepth	2016-05-27T09:01:03Z	4	1	13
875	roganinglis/matrixcapsuleswithemrouting	2017-11-30T20:35:24Z	3	1	47
876	paulemmanuelsotir/nyc_taxitripduration	2017-07-30T21:53:29Z	8	1	59
877	chengpengchen/tf-faster-rcnn-relation-module	2018-06-15T12:36:21Z	3	1	8
878	yuhui-lin/various_residual_networks	2016-10-11T19:54:43Z	4	1	7
879	everfor/neural_artistic_style	2016-11-11T05:12:39Z	4	1	16
880	alexhex7/capsnet_pytorch	2017-11-15T06:02:35Z	4	1	6
881	zehaos/tfstn	2017-04-07T09:12:05Z	5	1	31
882	aparnaakk/neural_style_transfer	2017-09-18T19:12:34Z	4	1	12
883	qixuxiang/mask_rcnn_ros	2018-03-06T08:11:32Z	43	1	10
884	spiglerg/tf_continuallearningviasynapticintelligence	2017-08-02T01:55:27Z	19	1	7
885	evhart/crees	2017-08-07T22:07:23Z	16	1	17
886	danzelmo/mobilenet	2017-06-13T16:28:07Z	4	1	7
887	thensbhasin/dnn_object_detection	2018-07-16T14:56:43Z	14	1	11
888	minhyungcho/riemannian-batch-normalization	2017-10-19T03:49:31Z	13	1	62
889	mborgerding/onsager_deep_learning	2016-12-07T04:31:56Z	43	1	10
890	atomu2014/product-nets-distributed	2017-12-30T13:44:27Z	63	1	80
891	mm1860/densenet_fcn	2018-06-01T06:22:09Z	8	1	52
892	yucicheung/adaptivereconnet	2018-07-01T04:17:00Z	5	1	5
893	lynnho/resnet-tensorflow	2017-10-20T03:32:48Z	3	1	14
894	vijayvee/video-captioning	2017-03-30T14:33:50Z	102	1	35
895	b-schneller/semantic-segmentation-of-retinal-fundus-vasculature	2018-01-26T23:47:59Z	5	1	24
896	ranchmobile/tamil-ai	2017-12-20T22:27:08Z	15	1	53
897	preritj/show_attend_tell	2017-10-05T22:48:52Z	7	1	7
898	kevindubon/steering_model	2017-03-01T03:42:16Z	8	1	32
899	maestrojeong/wgan_gp	2017-07-31T02:33:16Z	2	1	2
900	seanpmorgan/tf-weightnorm	2018-07-24T18:39:56Z	10	1	15
901	anubhav0fnu/synthetic-video-generation-for-autonomous-cars	2018-09-18T15:47:20Z	8	1	23
902	corticph/mstmodel	2017-12-06T04:11:07Z	15	3	10
903	andrewginns/deep-photo-styletransfer-tf_win	2017-10-22T17:40:10Z	3	2	37
904	hoshino042/pointnet_re	2018-10-21T12:24:42Z	1	1	17
905	fdarmon/yolo_adaptation	2017-07-12T07:47:30Z	5	1	12
906	festa78/semseg_tf	2018-03-19T01:56:51Z	2	1	40
907	ex4sperans/ssd	2017-03-01T15:20:21Z	5	1	157
908	abajaj945/ship-detection-using-tensorflow	2018-09-26T17:13:15Z	1	1	29
909	yuluntian/neural_artistic_style	2017-02-18T07:02:04Z	2	1	17
910	noprom/facenet	2017-09-26T08:30:17Z	1	18	487
911	guanfuchen/facenet	2018-11-03T06:03:05Z	3	29	567
912	zengyu714/segmentation	2017-04-06T09:43:24Z	15	1	18
913	changjo/coordconv	2018-07-13T07:44:40Z	5	1	6
914	uscdatascience/img2text	2017-07-09T03:36:20Z	6	2	10
915	irfanicmll/inceptionv2_finetune	2017-12-21T09:31:27Z	4	1	24
916	tandon-a/squeezenet	2018-04-24T09:38:32Z	0	1	8
917	kejie-wang/end-to-end-learning-for-self-driving-cars	2017-12-15T15:19:19Z	22	1	15
918	yipenghu/label-reg	2018-05-31T09:20:33Z	75	1	67
919	lovish1234/yolov1	2017-08-03T13:34:32Z	10	2	36
920	logictensornetworks/logictensornetworks	2018-07-07T20:50:18Z	51	2	41
921	lslcode/ssd_for_tensorflow	2017-11-21T07:51:45Z	88	1	81
922	mlenthusiast/mhcln	2018-04-29T15:29:04Z	15	1	59
923	jarvis73/group_normalization	2018-04-10T14:05:33Z	8	1	10
924	agassi4013/log-densenet-tensorflow	2018-08-02T08:04:11Z	1	1	3
925	guanfuchen/semseg	2017-12-06T04:14:49Z	525	1	116
926	luoru/iresnet-tf	2018-07-06T05:48:16Z	6	1	5
927	meowoodie/imitation-learning-for-point-process	2018-01-09T19:14:21Z	6	1	178
928	mohit-ak/capsnet_notmnist_affnist	2017-11-10T07:13:43Z	1	1	26
929	conan7882/fast-style-transfer-tf	2018-06-22T04:34:44Z	2	1	19
930	zhaofan0622/tf-ssd-vehicledetection	2018-04-16T14:01:35Z	3	1	10
931	vaibhavsaini1996/deep-learning-project	2017-07-09T00:51:13Z	2	1	4
932	matanatz/pcnn	2018-08-05T09:06:53Z	47	2	16
933	ckboss/densenet	2017-03-27T09:32:56Z	1	1	2
934	satyenrajpal/semantic-segmentation-u-net	2017-12-31T04:14:16Z	6	1	30
935	wanjinchang/mtcnn_use_tf_e2e	2018-11-27T08:44:56Z	2	1	18
936	wbaek/tracking_via_colorization	2018-09-08T14:51:34Z	21	1	64
937	rebornhugo/facialattribution	2017-08-28T16:14:26Z	2	2	23
938	kuleshov/convolutional-draw	2017-10-10T00:05:33Z	5	1	10
939	albertogaspar/tf-super_resolution	2018-07-27T13:05:12Z	4	1	5
940	ibm/ead-attack	2018-07-02T04:44:22Z	15	2	14
941	arakhmat/mnist-adversarial-image-generator	2018-02-14T16:19:52Z	2	1	25
942	omerbsezer/neuralstyletransfer	2018-08-05T16:00:27Z	2	1	5
943	visva89/varnetrecon	2018-02-19T16:25:20Z	6	1	7
944	karthkk/fastrcnndetect	2017-02-16T23:59:18Z	5	6	40
945	fengyoung/image_style_tf_py3	2017-06-19T08:52:32Z	1	1	26
946	icml-mcbn/mcbn	2017-10-31T10:38:37Z	36	2	10
947	eglrp/ssd_tensorflow_traffic_sign_detection	2018-05-01T13:12:42Z	17	1	9
948	rlaehgns5399/googlenet-inception-tf	2018-11-01T13:13:08Z	2	2	43
949	datlife/faceid	2018-03-15T02:37:54Z	6	1	2
950	perslev/autofocus-layer-tf	2018-09-25T13:51:45Z	6	1	12
951	tavgreen/image_classification_of_simpsons_dataset	2017-07-01T17:14:13Z	3	1	9
952	sahibdhanjal/mask-rcnn-pedestrian-detection	2018-04-04T23:01:03Z	18	1	17
953	wdczs/improvedorn	2018-08-22T12:35:21Z	11	1	34
954	xiaofengshi/capsnet_notmnist_affnist	2018-03-04T04:12:22Z	1	1	1
955	caomw/tensorseg	2017-01-13T01:10:37Z	1	1	6
956	pisimo/picamnn	2017-02-28T11:23:26Z	94	1	56
957	jalajthanaki/real_time_object_detection_with_yolo	2018-01-09T04:27:14Z	13	1	6
958	zj10/nd-adam	2017-11-11T06:47:04Z	5	1	15
959	bioimageinformatics/tfmodels	2017-12-27T00:55:40Z	3	2	208
960	ioanachelu/neural-art	2016-03-24T04:54:54Z	2	1	24
961	msokoloff1/real-time-style-transfer	2017-01-04T19:46:43Z	6	1	35
962	richmondu/libfaceid	2018-11-30T13:30:51Z	288	1	284
963	kongsea/fpn_tensorflow	2018-02-01T07:42:43Z	62	1	9
964	davidzengming/mnistevol	2017-02-22T02:48:36Z	1	1	49
965	ameroyer/pic	2017-06-06T09:38:26Z	12	1	31
966	tylersco/adapted_deep_embeddings	2018-09-28T02:41:29Z	22	2	11
967	cjratcliff/adaptive-regularization	2017-07-15T09:37:16Z	3	1	13
968	drogen120/oneshottexturesegmentation	2018-09-03T15:37:19Z	7	1	17
969	peace195/multi-column-deep-convolutional-neural-networks	2018-03-06T12:25:26Z	6	1	5
970	ivclab/agegenderlmtcnn	2018-06-08T02:22:34Z	31	1	42
971	mangate/elu_network	2016-10-25T12:46:39Z	3	1	13
972	zoli333/weight-normalization	2018-02-21T22:29:02Z	17	1	34
973	ozgyal/noise-layer-implemantation-on-alexnet	2017-11-29T11:57:35Z	2	1	4
974	pjunhyuk/inception-v3-cifar10	2018-05-19T07:46:50Z	4	1	18
975	nicolefinnie/darkellie	2018-01-13T23:34:59Z	1	27	519
976	hoangtrinh/vehicle_reid_using_fusion_of_multi_features	2018-07-12T12:22:32Z	13	1	16
977	apennisi/faster_rcnn	2017-11-22T10:59:27Z	2	1	6
978	jiangqh/dense-pixel-models-in-tensorflow	2017-04-26T13:26:10Z	1	1	45
979	ranjiewwen/tf_enhancedped	2019-01-02T02:26:57Z	14	1	27
980	yueruchen/resnet	2017-08-14T09:52:37Z	1	1	3
981	ly-atdawn/lightcnn-gluon	2018-03-03T08:39:29Z	3	1	13
982	molyswu/hand_detection	2018-11-29T01:35:59Z	87	1	2
983	siju-samuel/darkflow-yolo	2018-02-02T01:40:02Z	1	26	514
984	sagieppel/focusing-attention-of-fully-convolutional-neural-networks-on-region-of-interest-roi-input-map-	2017-08-19T01:20:01Z	32	1	16
985	garkp/luna16_challange	2017-01-22T20:28:02Z	15	2	21
986	jiweibo/svhn-multi-digit-recognition	2017-12-27T10:47:54Z	13	1	6
987	yuyakanemoto/neural-style-loss	2017-03-16T05:31:02Z	3	1	20
988	tejaslodaya/neural-style-transfer	2017-11-28T06:05:04Z	6	1	8
989	lzhengchun/deep-image-prior-tensorflow	2019-01-03T06:19:09Z	14	1	12
990	tomasreimers/tensorflow-graph-compression	2016-12-31T23:47:51Z	39	1	2
991	mingtaoguo/real-time-arbitrary-style-transfer-adain-tensorflow	2018-02-21T13:21:55Z	15	1	19
992	csnick93/weaklysupervisedlearning	2017-12-10T17:44:01Z	1	1	14
993	wei2624/feature_embed_googlenet	2017-08-29T22:35:30Z	2	1	26
994	tedyun/capsnet	2017-12-07T23:34:00Z	1	1	38
995	zhengyu-li/deep-network-compression-based-on-student-teacher-network-	2018-05-19T05:18:21Z	10	1	34
996	riga/lbn	2018-12-23T15:41:18Z	4	1	31
997	askmuhsin/semantic-seg-drivable-path	2018-05-03T08:07:24Z	1	1	17
998	cyh1112/vgg-transfer-learning	2018-05-25T17:22:51Z	3	1	27
999	human-analysis/tensorflownet	2018-04-10T18:13:53Z	1	2	3
1000	bhairavmehta95/option-critic	2017-10-29T21:40:11Z	4	1	36
1001	zjuzq/learn_openpose_tf	2017-11-19T14:35:22Z	1	1	1
1002	yanx27/fast-style-transfer-tensorflow	2018-05-23T13:16:26Z	2	1	66
1003	ash80/ordinal-pooling-networks	2018-04-05T10:06:14Z	1	1	6
1004	ctuning/ck-tensorflow	2016-08-16T09:33:40Z	86	14	1022
1005	juciny/tfpose	2018-05-30T11:24:46Z	1	1	1
1006	dlforlife/retinanet	2018-01-10T15:46:45Z	5	5	78
1007	seonbeomkim/tensorflow-image-style-transfer	2018-06-15T14:55:53Z	1	1	44
1008	mackcmillion/reslearn	2016-07-27T11:27:09Z	5	1	136
1009	tanukkii007/wavenet	2018-07-29T05:20:54Z	3	1	27
1010	mengqingmeng/facenet	2017-08-10T10:25:55Z	1	17	484
1011	ramakrv/facenet	2017-05-19T08:02:36Z	1	12	433
1012	rtsaad/carnd-semantic-segmentation	2017-11-09T03:16:22Z	1	3	24
1013	kjanjua26/custom_east	2017-09-18T16:39:46Z	3	1	18
1014	ppaga/srgan	2018-02-05T11:02:02Z	0	1	14
1015	soldie/webcam-face-recognition-using-tensorflow-and-opencv	2018-09-19T00:39:41Z	1	1	28
1016	robileo/ladder_network	2018-01-23T11:11:56Z	5	1	10
1017	ftokarev/tf-neural-style	2017-06-21T07:01:33Z	5	1	12
1018	ibm/clever-robustness-score	2018-07-02T04:44:59Z	16	4	42
1019	piyush2896/neural-style-transfer	2017-12-26T10:19:28Z	6	1	18
1020	sjoerdvansteenkiste/binding-tf	2016-10-24T14:37:32Z	1	1	13
1021	nirmorgo/style-transferer	2018-02-01T23:13:05Z	2	1	16
1022	bhneo/capsnet-experiments	2018-03-23T11:56:34Z	2	1	30
1023	dopexxx/facepeeper	2017-02-04T06:05:19Z	3	3	113
1024	amicks/speculator	2017-09-03T17:43:03Z	90	2	160
1025	griffin-han/neural-style-transfer	2018-01-21T14:57:34Z	1	1	6
1026	adler-j/wasserstein_inverse_problems	2017-10-28T13:05:12Z	18	1	5
1027	mingjiang1988/ocr_dl	2018-01-09T15:28:56Z	11	1	4
1028	adrz/movie-posters-convnet	2017-03-28T11:42:21Z	43	1	254
1029	yuto3o/tf-crowdcounting	2018-10-16T03:37:59Z	8	1	11
1030	face-recognition-rkb/facenet_explore	2018-07-04T05:46:21Z	1	1	3
1031	magmatart/tf-domain-transfer-network	2018-01-29T09:37:44Z	1	1	6
1032	alexhex7/faster_r-cnn_pytorch	2017-12-13T11:23:05Z	3	3	35
1033	deep-diver/vgg	2018-08-14T08:20:34Z	4	1	16
1034	msokoloff1/neural-art	2016-12-26T19:20:51Z	3	1	16
1035	blanyal/neural-style	2017-10-21T20:31:43Z	6	1	17
1036	georgesung/behavioral_cloning	2016-12-13T08:13:09Z	18	1	6
1037	hanfeisun/unsupervised-typography-transfer	2017-10-10T23:19:07Z	13	2	43
1038	qnfnwkd/deeppim	2018-01-03T05:44:05Z	5	1	8
1039	saduf/ncs-challenge-submission	2018-02-22T17:53:32Z	1	1	28
1040	festa78/objdet-tf	2018-09-06T04:15:05Z	1	1	19
1041	wuyx/faster-rcnn	2018-05-17T00:53:03Z	0	2	203
1042	wolfapple/carnd-behavioral-cloning-project	2017-01-08T14:57:41Z	5	1	29
1043	sainandan-ramakrishnan/rich-image-captioning-using-attention	2018-01-21T18:57:26Z	1	1	9
1044	rahul411/image-captioning-using-attention	2017-11-23T04:24:47Z	1	1	3
1045	nathanin/tfmodels	2018-02-05T18:30:22Z	1	2	202
1046	leconteur/captionimaging	2015-12-16T19:06:01Z	1	1	10
1047	qq456cvb/collaborative-learning	2018-12-25T11:58:20Z	6	1	5
1048	aminsaied/cornetto	2017-06-28T17:52:37Z	3	1	13
1049	juiceleee/generative_adversarial_networks	2018-04-23T11:22:25Z	1	2	78
1050	priteshgudge/dl-style-transfer	2017-01-28T11:13:26Z	4	7	33
1051	yuexiajiao/faster-rcnn	2018-07-27T07:42:54Z	1	7	49
1052	wuyx/insightface_	2018-12-01T15:24:58Z	1	1	40
1053	anicolson/deepxi	2018-05-25T01:30:27Z	185	2	112
1054	broadinstitute/signatureanalyzer-gpu	2018-10-17T17:31:52Z	26	3	66
1055	ajayaraman/carnd-semanticsegmentation	2017-10-13T01:44:01Z	1	3	12
1056	amiithinks/amii-tf-nn	2017-06-19T16:57:51Z	1	2	48
1057	wuyx/insightface_tf.	2018-12-01T15:01:02Z	1	1	40
1058	sjentzsch/tf_vision	2017-10-03T14:52:29Z	1	1	60
1059	lawliet1718/https-github.com-smallcorgi-faster-rcnn_tf	2018-02-06T03:11:40Z	1	7	49
1060	balena-io-playground/movidius-rpi3-demo	2018-06-27T15:29:48Z	11	1	2
1061	tlokeshkumar/dbpn-tf	2018-08-27T18:31:14Z	9	2	44
1062	afagarap/multilayer-perceptron	2017-10-06T12:50:14Z	2	2	36
1063	agoncharenko1992/fat-fast_adjustable_threshold	2018-11-23T07:01:04Z	17	1	3
1064	keng000/text_detection_ctpn	2018-05-13T09:27:30Z	1	1	11
1065	eyalzk/style_transfer	2017-03-13T17:51:04Z	1	1	102
1066	yash9060/vigilancia	2018-02-03T16:04:45Z	3	3	74
1067	bluedistro/face-recognition	2018-05-01T14:59:14Z	1	1	5
1068	david-cortes/cmfrec	2017-10-03T21:47:47Z	36	1	35
1069	seonbeomkim/tensorflow-matching_networks_for_one_shot_learning	2018-07-27T02:59:24Z	1	1	11
1070	alisure-ml/object-detection-ssd	2018-03-05T15:45:28Z	2	1	26
1071	zhwhong/magic-pixel	2016-10-26T02:53:19Z	1	10	98
1072	jeffrey-ede/electron-micrograph-denoiser	2018-05-29T07:38:24Z	4	1	55
1073	noxouille/rt-mrcnn	2018-10-23T02:16:39Z	28	30	198
1074	alexhagiopol/end-to-end-deep-learning	2017-05-21T22:52:10Z	19	6	115
1075	blasphemyangels/imagecaption	2017-11-02T05:17:26Z	1	1	3
1076	wuyx/mobilefacenet_tf	2018-12-01T15:00:19Z	1	2	18
1077	hms-idac/unet	2017-10-13T18:47:45Z	1	1	9
1078	will-j-gale/gta5-self-driving-car	2018-08-22T12:34:02Z	8	1	10
1079	scottypate/sand-cnn	2018-09-02T14:45:17Z	1	1	6
1080	you-leee/deep-nn-examples	2018-03-10T01:05:06Z	1	1	32
1081	ruiqigao/deformablegenerator	2018-11-03T23:51:43Z	14	1	2
1082	clutariomark/convneuralnetwork	2017-06-26T14:14:48Z	2	1	3
1083	jakobwong/stereomagnification	2018-08-16T00:54:38Z	2	1	2
1084	erdiaker/resnet	2018-12-08T18:47:01Z	1	1	3
1085	murdockhou/lightweight_openpose	2018-12-20T01:29:46Z	147	2	43
1086	arodiss/capsnet	2018-01-28T07:35:32Z	7	1	1
1087	jack-dong/none_local_block	2018-03-15T09:11:01Z	5	1	2
1088	ami66/new-text-detection-ctpn	2017-12-07T02:49:28Z	7	2	42
1089	paulfitz/segmenty	2017-06-29T06:37:53Z	5	1	19
1090	keillernogueira/fdsi	2017-11-10T00:44:25Z	7	1	9
1091	yaonaiming/text-detection-ctpn-win	2018-04-03T05:03:45Z	4	1	6
1092	amr4i/emotiondetection	2018-01-29T22:47:47Z	14	1	21
1093	mohammed-elkomy/two-stream-action-recognition	2018-11-12T11:34:13Z	39	2	21
1094	luckythj/style-transfer	2018-05-13T12:52:58Z	2	1	10
1095	prajjwal1/neural-style	2017-11-26T04:45:48Z	1	1	11
1096	pancakeawesome/scenetext_detection	2018-06-06T02:27:40Z	3	1	2
1097	itisianlee/hourglass-tfslim	2018-01-25T11:42:12Z	3	1	5
1098	tropcomplique/universal-style-transfer	2018-06-27T21:16:40Z	1	1	14
1099	sagieppel/recognition-of-materials-in-transparent-vessel-using-fully-convolutional-neural-networks	2017-06-17T23:05:38Z	2	1	46
1100	ibm/imagenet-robustness	2018-07-17T01:33:41Z	6	1	4
1101	shoumo95/csx4337-project	2018-06-19T11:12:44Z	2	2	28
1102	krushnaarengarajan/deepchem	2017-12-24T09:47:02Z	1	30	3052
1103	dikatok/tf-styletransfer-gatys	2018-04-17T03:25:11Z	1	1	2
1104	xhelenfu/cnn_segmentation_histology	2018-04-13T20:15:35Z	4	1	12
1105	ttitcombe/tfshell	2018-09-25T16:53:28Z	1	1	5
1106	srk97/targeted-adversarial-mnist	2018-02-16T19:49:40Z	1	1	18
1107	wuliangshun/ctpn	2017-12-03T06:24:03Z	1	1	1
1108	wangyida/gm-cml	2017-05-12T13:44:39Z	5	1	24
1109	jason-xi/ctpn_win	2018-03-13T08:31:26Z	2	1	7
1110	markvdw/gpflow-inter-domain	2017-07-11T15:15:15Z	9	15	1041
1111	bw2color/bw2color	2018-08-16T12:45:10Z	13	3	149
1112	ciciphus/pixel_link_keras	2018-07-19T23:40:57Z	4	2	27
1113	longhuei/caesar	2017-03-23T01:45:10Z	5	2	293
1114	abhisek-/alexnet	2018-05-19T08:58:28Z	0	1	64
1115	kingdavid72/deepchem	2017-10-12T23:13:23Z	1	30	2762
1116	lilleswing/deepchem-slim	2018-10-18T13:43:39Z	1	30	3908
1117	tropcomplique/edanet	2018-11-03T13:33:45Z	2	1	15
1118	jessevig/bertviz	2018-12-16T16:50:42Z	1641	2	109
1119	cysmith/neural-style-tf	2016-10-08T20:42:56Z	2600	10	228
1120	progresstogether/tensorflow_inception_v4	2018-01-02T14:59:41Z	1	1	11
1121	taehoonlee/tensornets	2017-09-19T05:19:01Z	922	5	236
1122	fishermanzzhang/tf_model_speed	2018-03-09T02:27:29Z	3	1	9
1123	sbh2ch/tensorflow-slim-inception-resnet-v2	2017-07-06T05:00:13Z	8	1	4
1124	wanghan0501/slim	2017-12-18T09:32:50Z	2	1	6
1125	zengkv/slimlearn	2016-10-31T09:00:15Z	1	1	6
1126	hassanes/finetune_model	2017-07-04T09:46:25Z	1	1	6
1127	minfengucas/pig-classification	2017-12-28T12:08:28Z	1	1	1
1128	hangjie720/tensorrt-program	2018-06-26T07:42:58Z	4	1	23
1129	stesha2016/fork-slim	2018-08-23T03:01:15Z	12	1	9
1130	stoensin/simple_densenet	2018-07-26T14:12:24Z	1	2	18
1131	loseall/videosuperresolution	2018-06-04T08:42:05Z	822	2	407
1132	estarlife/densenet-quiz	2018-12-17T16:07:12Z	0	1	13
1133	caochangyan1213/quiz-w7-2-densenet	2018-04-21T16:22:02Z	1	1	28
1134	pessimiss/quiz-w7-2-densenet	2018-10-01T11:50:27Z	1	1	2
1135	eth-sri/eran	2018-11-14T15:03:42Z	122	6	44
1136	duinodu/objdect_papernotes	2017-10-07T04:20:59Z	5	1	11
1137	hailotech/seg-mentor	2018-03-21T12:30:47Z	40	3	210
1138	olafenwamoses/imageai	2018-03-19T23:12:33Z	4796	11	138
1139	yanqi1811/transfer-learning	2018-07-17T05:44:17Z	12	5	276
1140	mbadry1/cs231n-2017-summary	2017-12-05T14:45:20Z	1119	1	17
1141	trailbehind/deeposm	2016-02-14T22:30:33Z	1226	8	395
1142	xinghaochen/awesome-hand-pose-estimation	2017-03-22T15:52:31Z	1454	8	226
1143	huxiaoman7/paddlepaddle_code	2017-10-24T00:08:13Z	428	1	113
1144	zhang0peter/good-articles-by-time	2018-05-14T08:49:19Z	10	1	23
1145	zengarden/light_head_rcnn	2018-04-03T12:50:10Z	854	3	16
1146	zhec/realtime_multi-person_pose_estimation	2016-12-12T17:40:12Z	4290	11	158
1147	bioinf-jku/ttur	2017-06-26T13:32:12Z	457	7	216
1148	neuropoly/gmseg	2017-10-16T18:35:34Z	38	2	37
1149	uber-research/intrinsic-dimension	2018-04-24T21:54:36Z	189	3	15
1150	minyoungg/selfconsistency	2018-05-10T05:32:40Z	121	2	17
1151	philferriere/tfvos	2018-01-31T22:52:46Z	149	1	6
1152	ronghanghu/text_objseg	2016-05-19T05:15:49Z	84	1	9
1153	balancap/ssd-tensorflow	2017-01-18T13:45:38Z	3757	2	125
1154	vcg-uvic/lf-net-release	2018-07-27T09:24:32Z	174	3	11
1155	aleksispi/drl-rpn-tf	2018-06-26T11:53:36Z	63	1	19
1156	tetrachrome/subpixel	2016-08-11T18:05:58Z	2032	8	65
1157	bioinf-jku/snns	2017-06-08T06:24:32Z	1461	3	35
1158	philferriere/tfoptflow	2018-09-10T19:02:47Z	330	1	27
1159	mjhucla/tf-mrnn	2016-06-25T23:45:44Z	108	2	6
1160	lz20061213/quadrilateral	2018-02-03T12:08:36Z	1	1	4
1161	shekkizh/fcn.tensorflow	2016-10-06T02:54:13Z	1168	2	26
1162	slundberg/shap	2016-11-22T19:17:08Z	8702	30	878
1163	tae-jun/resemul	2017-10-19T10:50:20Z	50	1	14
1164	tensorflow/adanet	2018-06-28T20:20:24Z	3064	22	285
1165	potterhsu/svhnclassifier	2017-03-22T08:29:42Z	182	1	15
1166	ternaus/angiodysplasia-segmentation	2018-03-29T03:35:07Z	61	4	236
1167	philferriere/tfwss	2018-02-12T20:11:04Z	204	2	10
1168	yunjey/show_attend_and_tell	2016-09-10T08:37:53Z	820	2	165
1169	sthalles/deeplab_v3	2017-12-18T16:38:50Z	722	1	64
1170	dmitryulyanov/neural-style-audio-tf	2016-12-13T22:43:24Z	398	1	3
1171	detectionteamucas/faster-rcnn_tensorflow	2018-06-28T17:10:04Z	122	1	21
1172	rpautrat/superpoint	2018-03-05T17:23:25Z	496	3	218
1173	arahusky/tensorflow-segmentation	2017-01-05T21:55:31Z	247	4	73
1174	hangyao/street_view_house_numbers	2016-07-02T03:54:49Z	68	1	15
1175	cftang0827/pedestrian_recognition	2018-07-02T09:13:23Z	25	2	11
1176	thibo73800/capsnet_traffic_sign_classifier	2017-11-06T18:13:35Z	158	1	23
1177	vincemarron/style_transfer	2017-08-20T19:54:22Z	273	1	22
1178	kkweon/unet-in-tensorflow	2017-05-18T01:46:16Z	157	2	9
1179	insikk/delf_enhanced	2017-11-09T09:47:31Z	81	1	2
1180	bostondiditeam/mv3d	2017-03-26T00:31:42Z	323	11	535
1181	monsta-hd/boltzmann-machines	2017-10-23T01:00:57Z	732	4	765
1182	ossdc/ssd-tensorflow	2017-03-25T10:17:04Z	41	3	97
1183	codait/deep-histopath	2017-09-08T22:38:49Z	92	4	133
1184	vadim-v-lebedev/audio_style_tranfer	2016-09-11T00:15:10Z	104	2	28
1185	llsourcell/how_to_do_style_transfer_in_tensorflow	2017-03-08T17:22:54Z	94	1	8
1186	insikk/grad-cam-tensorflow	2017-02-14T01:19:26Z	228	1	15
1187	leeyevi/mv3d_tf	2017-05-31T01:57:03Z	77	7	77
1188	zhwhong/lidc_nodule_detection	2017-05-31T13:40:08Z	162	1	6
1189	jenifferwuucla/pulmonary-nodules-maskrcnn	2018-01-24T04:58:46Z	154	1	73
1190	aqibsaeed/genetic-cnn	2017-03-11T00:46:51Z	157	4	12
1191	yd8534976/fashionai-tf	2018-06-29T07:13:51Z	20	1	16
1192	tropcomplique/shufflenet-tensorflow	2017-08-18T20:42:04Z	40	1	29
1193	alexattia/extendedtinyfaces	2017-12-27T18:24:52Z	189	2	30
1194	markostam/audio-deepdream-tf	2016-10-11T16:19:16Z	24	1	40
1195	stuarteiffert/rnn-for-human-activity-recognition-using-2d-pose-input	2018-01-16T00:41:58Z	119	1	30
1196	google-aai/tf-serving-k8s-tutorial	2018-02-22T17:32:24Z	74	1	41
1197	tropcomplique/shufflenet-v2-tensorflow	2018-08-06T08:47:04Z	131	1	12
1198	detectionteamucas/fpn_tensorflow	2018-12-02T07:08:03Z	249	1	21
1199	rusty1s/embedded_gcnn	2017-03-01T13:45:14Z	54	1	481
1200	detectionteamucas/cascade-rcnn_tensorflow	2018-12-14T14:06:26Z	62	2	9
1201	larryjiang134/image_manipulation_detection	2018-07-06T06:52:28Z	145	1	19
1202	leonardoaraujosantos/learnsegmentation	2017-06-24T20:46:11Z	25	1	119
1203	robmarkcole/satellite-image-deep-learning	2018-04-16T08:42:09Z	635	2	62
1204	cagatayyildiz/npde	2018-07-26T20:47:03Z	16	1	15
1205	crowdai/crowdai-mapping-challenge-mask-rcnn	2018-04-09T00:39:13Z	157	15	127
1206	saurabh23/msrgan-a-gan-for-single-image-super-resolution-on-high-content-screening-microscopy-images.	2017-06-21T11:55:38Z	40	1	160
1207	aqibsaeed/estimation-of-remaining-useful-life-using-cnn	2017-01-10T19:43:42Z	86	2	5
1208	m090009/traffic-sign-recognition-classifier	2018-04-16T23:27:41Z	2	1	6
1209	jerryfan4/resnet	2017-07-25T21:46:52Z	11	1	33
1210	toimcio/segnet-tensorflow	2017-10-30T12:23:15Z	48	5	135
1211	orlyliba/fine_tune_analyze_neural_net	2016-12-18T22:56:15Z	5	1	23
1212	mithi/semantic-segmentation	2017-08-22T20:31:58Z	23	1	32
1213	ayushdewan/latin-alphabet-recognition-using-convolutional-neural-networks-in-tensorflow	2017-07-21T23:00:57Z	5	1	21
1214	liferlisiqi/traffic-sign-classifier	2017-12-28T02:09:30Z	12	1	53
1215	waleedgondal/weakly_localizations_tensorflow	2017-06-10T13:56:10Z	10	2	7
1216	vijaydl/dl-playground	2018-07-15T21:56:19Z	4	1	28
1217	pat-coady/tiny_imagenet	2017-05-10T15:38:51Z	44	1	111
1218	odysseaskr/irmas-cnn	2018-06-13T15:48:07Z	2	1	11
1219	ilguyi/style-transfer.tensorflow	2018-08-24T06:55:31Z	7	1	12
1220	oracleofnj/spectral-repr-cnns	2017-11-13T23:05:45Z	26	3	270
1221	eternityzy/fcn-tensorflow	2018-04-24T11:34:23Z	35	1	11
1222	amirhfarzaneh/vgg13-tensorlfow	2018-02-22T08:53:15Z	7	1	3
1223	kvn219/multi-number-recognition	2017-01-18T17:08:14Z	3	1	8
1224	georgymh/instance-identification	2018-05-06T18:04:04Z	6	3	61
1225	jadevaibhav/signature-verification-using-deep-learning	2018-06-09T10:44:16Z	43	1	16
1226	davidabek1/adanet	2018-02-19T00:31:49Z	7	1	16
1227	hayoung-kim/tf-semantic-segmentation-fcn-vgg16	2017-11-24T13:02:36Z	19	1	13
1228	hodapp87/cs6475_neural_style	2016-05-01T22:22:31Z	3	1	23
1229	brianrusso/uav_ssd	2017-05-03T00:09:00Z	2	1	16
1230	ahylton19/simplenalu-tf	2018-08-13T02:40:22Z	10	1	16
1231	yihui-he/resnet-tensorflow	2016-04-25T01:06:03Z	6	1	24
1232	nicolastah/semantic-style-transfer	2018-01-02T13:39:18Z	5	1	94
1233	seuphor/vgg19-style	2017-08-29T03:46:13Z	5	1	12
1234	twice22/vqa	2018-01-18T17:46:04Z	3	1	5
1235	michaelmendoza/learning-tensorflow	2017-11-15T20:29:36Z	10	1	47
1236	houstonj2013/capstone_dl_object_detection	2018-01-07T22:24:21Z	2	1	324
1237	pacocp/maskrcnn_blur_background	2018-09-01T08:19:50Z	4	1	5
1238	ankitamd/darkflow-object-detection	2018-07-07T15:25:18Z	3	2	15
1239	niulab-ssd-branch/ssd-branchy	2018-03-09T06:48:26Z	1	3	129
1240	rishengzhou/newssd	2018-09-24T12:05:04Z	0	3	129
1241	hengmuling/ssd-tensorflow-master	2018-08-12T03:25:50Z	1	1	7
1242	yuyang2009/ssd_tensorflow	2017-03-19T13:41:06Z	1	1	7
1243	tikam02/crowdestimation	2018-07-26T18:45:33Z	13	1	25
1244	eltonwalter/ssd-tensorflow-origin	2018-07-26T05:20:57Z	1	1	3
1245	mlearing/ssd	2018-10-26T14:56:32Z	1	1	5
1246	laos-y/tensorflow-yolo	2018-08-10T11:40:26Z	1	1	26
1247	mytrjp/objectdetection	2018-07-30T05:05:42Z	5	1	49
1248	kobiso/cam-tensorflow	2018-03-11T06:35:46Z	3	1	4
1249	jrc1995/wide-residual-network	2017-05-07T23:21:51Z	4	1	123
1250	coolerme/dog_vs_cat	2018-06-14T15:24:09Z	3	1	44
1251	goddoe/hide-and-seek	2018-02-05T05:13:46Z	6	1	9
1252	ronniegandhi/implementing-alexnet-trained-on--imagenet-s-ilsvrc2012-datasets-using-tensorflow	2018-07-27T08:18:27Z	3	1	13
1253	gpascualg/crossgrad	2018-05-03T23:45:17Z	11	1	4
1254	niranjanreddy891/self-driving-car	2018-10-12T11:24:18Z	2	1	24
1255	aloshkad/sdcar_software_p3	2017-01-21T05:19:00Z	1	1	12
1256	shishir-bg/tf1.3_new_input_pipeline_demonstration	2017-10-27T13:49:32Z	1	1	9
1257	etpr/kinematic_morphing_network	2018-07-24T14:54:22Z	1	1	14
1258	iavasiljeva/siamese-networks-hse-2017	2017-09-19T09:38:08Z	1	4	34
1259	minggli/densenet	2017-07-13T21:25:56Z	1	1	20
1260	irashadow/tensorflow_fcn	2017-02-16T05:35:58Z	1	1	6
1261	thadikari/differentiable-boundary-trees	2018-03-03T07:10:18Z	4	2	13
1262	sixquant/u-net	2018-08-29T22:17:19Z	5	1	2
1263	ibm/max-human-pose-estimator	2018-12-05T19:58:14Z	27	13	39
1264	lucko515/deep-convolutional-highway-network	2017-07-30T16:21:48Z	5	1	1
1265	lwiss/hackathon_satellite_imagery	2017-05-04T10:43:26Z	1	2	8
1266	dekhtiarjonathan/dice-dmu_imagery_classification_engine	2017-05-18T16:18:45Z	6	1	67
1267	texastony/motion_detection_obj_recog	2017-10-23T18:40:33Z	1	1	5
1268	leofansq/kitti-objects-detection-using-ssd-in-tensorflow	2018-10-24T09:27:28Z	4	1	8
1269	iitmcvg/demo-of-face-detection-and-counting-	2018-07-29T13:23:57Z	8	3	32
1270	lucko515/fully-connected-highway-network	2017-07-30T16:17:06Z	3	1	1
1271	mdeff/fma	2016-12-02T15:27:37Z	1130	1	184
1272	saravanabalagi/deep_image_prior	2018-03-06T09:22:03Z	13	1	5
1273	lucko515/residual-network	2017-07-30T16:25:35Z	4	1	2
1274	devyhia/slim-backup	2017-01-12T01:28:07Z	1	1	2
1275	jorge190588/ia	2017-05-25T04:07:28Z	7	24	338
1276	mikoto10032/deeplearning	2018-04-09T15:53:37Z	2788	1	478
